{
    "version": "0.4",
    "title": "404",
    "type": "error-404",
    "metadata": {
        "template_type": "single-404",
        "include_in_zip": "1",
        "elementor_pro_required": "1",
        "elementor_library_type": "error-404",
        "elementor_pro_conditions": [
            "include\/singular\/not_found404"
        ],
        "additional_template_information": [
            "This is a \"Error 404\" template for Elementor Pro.",
            "This template will display on: 404 Page."
        ],
        "wp_page_template": "default"
    },
    "content": [
        {
            "id": "4b58a11a",
            "settings": {
                "gap": "wider",
                "height": "min-height",
                "custom_height": {
                    "unit": "vh",
                    "size": 100,
                    "sizes": []
                },
                "custom_height_tablet": {
                    "unit": "vh",
                    "size": "",
                    "sizes": []
                },
                "custom_height_mobile": {
                    "unit": "vh",
                    "size": "",
                    "sizes": []
                },
                "pa_condition_repeater": [
                    {
                        "_id": "9000d9c"
                    }
                ],
                "background_background": "classic",
                "background_image": {
                    "url": "",
                    "id": "",
                    "alt": "",
                    "source": "library"
                },
                "background_size": "cover",
                "background_overlay_background": "gradient",
                "background_overlay_color_stop": {
                    "unit": "%",
                    "size": 5,
                    "sizes": []
                },
                "background_overlay_color_b_stop": {
                    "unit": "%",
                    "size": 74,
                    "sizes": []
                },
                "background_overlay_gradient_angle": {
                    "unit": "deg",
                    "size": 300,
                    "sizes": []
                },
                "background_overlay_opacity": {
                    "unit": "px",
                    "size": 1,
                    "sizes": []
                },
                "__globals__": {
                    "background_color": "globals\/colors?id=primary",
                    "background_overlay_color": "globals\/colors?id=a10680d",
                    "background_overlay_color_b": "globals\/colors?id=primary"
                },
                "background_repeat": "no-repeat",
                "structure": "20"
            },
            "elements": [
                {
                    "id": "6d8f5b44",
                    "settings": {
                        "_column_size": 50,
                        "_inline_size": null,
                        "pa_condition_repeater": [
                            {
                                "_id": "296b7a5"
                            }
                        ],
                        "margin": {
                            "unit": "%",
                            "top": "0",
                            "right": "0",
                            "bottom": "0",
                            "left": "0",
                            "isLinked": false
                        },
                        "margin_tablet": {
                            "unit": "%",
                            "top": "",
                            "right": "",
                            "bottom": "",
                            "left": "",
                            "isLinked": true
                        },
                        "margin_mobile": {
                            "unit": "%",
                            "top": "",
                            "right": "",
                            "bottom": "",
                            "left": "",
                            "isLinked": true
                        },
                        "z_index": 10
                    },
                    "elements": [
                        {
                            "id": "6489c489",
                            "settings": {
                                "animation_type": "clip",
                                "marker": "strikethrough",
                                "before_text": "",
                                "highlighted_text": "404",
                                "rotating_text": "Not Found\nSomething Error",
                                "alignment": "left",
                                "stroke_width": {
                                    "unit": "px",
                                    "size": 15,
                                    "sizes": []
                                },
                                "above_content": "yes",
                                "ha_advanced_tooltip_content": "I am a tooltip",
                                "pa_condition_repeater": [
                                    {
                                        "_id": "fe4b1fe"
                                    }
                                ],
                                "__globals__": {
                                    "title_color": "globals\/colors?id=0c613fd",
                                    "words_color": "globals\/colors?id=0c613fd",
                                    "words_typography_typography": "globals\/typography?id=574c957",
                                    "title_typography_typography": "globals\/typography?id=574c957",
                                    "marker_color": "globals\/colors?id=secondary"
                                },
                                "_animation": "fadeInDown"
                            },
                            "elements": [],
                            "isInner": false,
                            "widgetType": "animated-headline",
                            "elType": "widget"
                        },
                        {
                            "id": "1f639150",
                            "settings": {
                                "title": "Page Not Found",
                                "_margin": {
                                    "unit": "px",
                                    "top": "0",
                                    "right": "0",
                                    "bottom": "20",
                                    "left": "0",
                                    "isLinked": false
                                },
                                "ha_advanced_tooltip_content": "I am a tooltip",
                                "pa_condition_repeater": [
                                    {
                                        "_id": "71e9fbc"
                                    }
                                ],
                                "__globals__": {
                                    "title_color": "globals\/colors?id=0c613fd"
                                },
                                "_animation": "fadeInDown"
                            },
                            "elements": [],
                            "isInner": false,
                            "widgetType": "heading",
                            "elType": "widget"
                        },
                        {
                            "id": "1ac25f0c",
                            "settings": {
                                "ha_advanced_tooltip_content": "I am a tooltip",
                                "pa_condition_repeater": [
                                    {
                                        "_id": "47829b7"
                                    }
                                ],
                                "_animation": "fadeInDown",
                                "__globals__": {
                                    "text_color": "globals\/colors?id=0c613fd"
                                }
                            },
                            "elements": [],
                            "isInner": false,
                            "widgetType": "text-editor",
                            "elType": "widget"
                        },
                        {
                            "id": "44df8878",
                            "settings": {
                                "text": "Back to Homepage",
                                "_element_width": "auto",
                                "ha_advanced_tooltip_content": "I am a tooltip",
                                "pa_condition_repeater": [
                                    {
                                        "_id": "b29a2e1"
                                    }
                                ],
                                "_animation": "fadeInDown"
                            },
                            "elements": [],
                            "isInner": false,
                            "widgetType": "button",
                            "elType": "widget"
                        }
                    ],
                    "isInner": false,
                    "elType": "column"
                },
                {
                    "id": "ea582e2",
                    "settings": {
                        "_column_size": 50,
                        "_inline_size": null,
                        "pa_condition_repeater": [
                            {
                                "_id": "c9cc6bd"
                            }
                        ]
                    },
                    "elements": [
                        {
                            "id": "30568dc0",
                            "settings": {
                                "image": {
                                    "url": "http:\/\/templatekit.puriwp.com\/cryptodax\/wp-content\/uploads\/sites\/12\/2022\/04\/Image-4ERKHN6.png",
                                    "id": 2134,
                                    "alt": "",
                                    "source": "library"
                                },
                                "width": {
                                    "unit": "%",
                                    "size": 100,
                                    "sizes": []
                                },
                                "space": {
                                    "unit": "%",
                                    "size": 100,
                                    "sizes": []
                                },
                                "hover_animation": "float",
                                "_margin": {
                                    "unit": "px",
                                    "top": "0",
                                    "right": "0",
                                    "bottom": "0",
                                    "left": "-190",
                                    "isLinked": false
                                },
                                "ha_advanced_tooltip_content": "I am a tooltip",
                                "pa_condition_repeater": [
                                    {
                                        "_id": "51408b4"
                                    }
                                ]
                            },
                            "elements": [],
                            "isInner": false,
                            "widgetType": "image",
                            "elType": "widget"
                        }
                    ],
                    "isInner": false,
                    "elType": "column"
                }
            ],
            "isInner": false,
            "elType": "section"
        }
    ],
    "page_settings": {
        "page_template": "elementor_canvas",
        "ha_grid_number": "",
        "ha_grid_zindex": "1000"
    }
}