{
    "version": "0.4",
    "title": "Blog",
    "type": "page",
    "metadata": {
        "template_type": "single-page",
        "include_in_zip": "1",
        "elementor_pro_required": "1",
        "wp_page_template": "elementor_header_footer"
    },
    "content": [
        {
            "id": "15521345",
            "settings": {
                "gap": "wider",
                "height": "min-height",
                "background_background": "classic",
                "pa_condition_repeater": [
                    {
                        "_id": "b7944bd"
                    }
                ],
                "__globals__": {
                    "background_color": "globals\/colors?id=primary",
                    "background_overlay_color": "globals\/colors?id=primary",
                    "background_overlay_color_b": "globals\/colors?id=secondary"
                },
                "background_image": {
                    "url": "http:\/\/templatekit.puriwp.com\/iddax\/wp-content\/uploads\/sites\/12\/2022\/04\/Image-K4VU8JA.jpg",
                    "id": 143,
                    "alt": "",
                    "source": "library"
                },
                "background_repeat": "no-repeat",
                "background_size": "cover",
                "background_overlay_background": "gradient",
                "background_overlay_opacity": {
                    "unit": "px",
                    "size": 0.90000000000000002220446049250313080847263336181640625,
                    "sizes": []
                },
                "margin": {
                    "unit": "px",
                    "top": "-125",
                    "right": 0,
                    "bottom": "0",
                    "left": 0,
                    "isLinked": false
                },
                "padding": {
                    "unit": "px",
                    "top": "90",
                    "right": "0",
                    "bottom": "0",
                    "left": "0",
                    "isLinked": false
                },
                "background_xpos": {
                    "unit": "px",
                    "size": -607,
                    "sizes": []
                },
                "background_attachment": "fixed",
                "background_overlay_color_stop": {
                    "unit": "%",
                    "size": 36,
                    "sizes": []
                },
                "background_overlay_gradient_angle": {
                    "unit": "deg",
                    "size": 40,
                    "sizes": []
                }
            },
            "elements": [
                {
                    "id": "e5a7270",
                    "settings": {
                        "_column_size": 100,
                        "_inline_size": null,
                        "pa_condition_repeater": [
                            {
                                "_id": "b64063a"
                            }
                        ],
                        "margin": {
                            "unit": "%",
                            "top": "0",
                            "right": "20",
                            "bottom": "0",
                            "left": "20",
                            "isLinked": false
                        },
                        "margin_tablet": {
                            "unit": "%",
                            "top": "",
                            "right": "",
                            "bottom": "",
                            "left": "",
                            "isLinked": true
                        },
                        "margin_mobile": {
                            "unit": "%",
                            "top": "0",
                            "right": "0",
                            "bottom": "0",
                            "left": "0",
                            "isLinked": false
                        }
                    },
                    "elements": [
                        {
                            "id": "50142f85",
                            "settings": {
                                "title": "Blog",
                                "header_size": "h1",
                                "ha_advanced_tooltip_content": "I am a tooltip",
                                "pa_condition_repeater": [
                                    {
                                        "_id": "125b430"
                                    }
                                ],
                                "__globals__": {
                                    "title_color": "globals\/colors?id=0c613fd"
                                },
                                "_margin": {
                                    "unit": "px",
                                    "top": "0",
                                    "right": "0",
                                    "bottom": "20",
                                    "left": "0",
                                    "isLinked": false
                                },
                                "align": "center",
                                "_animation": "fadeInDown"
                            },
                            "elements": [],
                            "isInner": false,
                            "widgetType": "heading",
                            "elType": "widget"
                        },
                        {
                            "id": "63a3a84b",
                            "settings": {
                                "editor": "<p>Lorem ipsum dolor sit amet, consectetur adipiscing elit. Ut elit tellus, luctus nec ullamcorper mattis, pulvinar dapibus<\/p>",
                                "ha_advanced_tooltip_content": "I am a tooltip",
                                "pa_condition_repeater": [
                                    {
                                        "_id": "5289267"
                                    }
                                ],
                                "__globals__": {
                                    "text_color": "globals\/colors?id=0c613fd"
                                },
                                "align": "center",
                                "_animation": "fadeInDown"
                            },
                            "elements": [],
                            "isInner": false,
                            "widgetType": "text-editor",
                            "elType": "widget"
                        }
                    ],
                    "isInner": false,
                    "elType": "column"
                }
            ],
            "isInner": false,
            "elType": "section"
        },
        {
            "id": "d97bb5a",
            "settings": {
                "padding": {
                    "unit": "px",
                    "top": "94",
                    "right": "0",
                    "bottom": "128",
                    "left": "0",
                    "isLinked": false
                },
                "pa_condition_repeater": [
                    {
                        "_id": "7611320"
                    }
                ],
                "gap": "wider",
                "structure": "20",
                "padding_tablet": {
                    "unit": "px",
                    "top": "48",
                    "right": "0",
                    "bottom": "128",
                    "left": "0",
                    "isLinked": false
                },
                "background_background": "classic",
                "__globals__": {
                    "background_color": "globals\/colors?id=0c613fd"
                }
            },
            "elements": [
                {
                    "id": "78306a33",
                    "settings": {
                        "_column_size": 50,
                        "_inline_size": 57.2180000000000035242919693700969219207763671875,
                        "pa_condition_repeater": [
                            {
                                "_id": "15154cf"
                            }
                        ],
                        "_inline_size_tablet": 100,
                        "align_mobile": "center"
                    },
                    "elements": [
                        {
                            "id": "3603eacb",
                            "settings": {
                                "title": "From Our Blog",
                                "header_size": "div",
                                "align": "center",
                                "_margin": {
                                    "unit": "px",
                                    "top": "0",
                                    "right": "0",
                                    "bottom": "16",
                                    "left": "0",
                                    "isLinked": false
                                },
                                "_element_width": "auto",
                                "ha_advanced_tooltip_content": "I am a tooltip",
                                "pa_condition_repeater": [
                                    {
                                        "_id": "ec22896"
                                    }
                                ],
                                "__globals__": {
                                    "title_color": "globals\/colors?id=accent",
                                    "typography_typography": "globals\/typography?id=9f7c242"
                                },
                                "_animation": "fadeInDown"
                            },
                            "elements": [],
                            "isInner": false,
                            "widgetType": "heading",
                            "elType": "widget"
                        },
                        {
                            "id": "7b299b01",
                            "settings": {
                                "title": "Featured Post",
                                "align": "left",
                                "_margin": {
                                    "unit": "px",
                                    "top": "0",
                                    "right": "0",
                                    "bottom": "20",
                                    "left": "0",
                                    "isLinked": false
                                },
                                "ha_advanced_tooltip_content": "I am a tooltip",
                                "pa_condition_repeater": [
                                    {
                                        "_id": "954ffd5"
                                    }
                                ],
                                "align_mobile": "center",
                                "_animation": "fadeInDown"
                            },
                            "elements": [],
                            "isInner": false,
                            "widgetType": "heading",
                            "elType": "widget"
                        },
                        {
                            "id": "213353d7",
                            "settings": {
                                "classic_columns": "1",
                                "classic_thumbnail_size_size": "large",
                                "classic_item_ratio": {
                                    "unit": "px",
                                    "size": 0.83999999999999996891375531049561686813831329345703125,
                                    "sizes": []
                                },
                                "classic_meta_separator": "-",
                                "classic_read_more_text": "Read More",
                                "cards_meta_separator": "\u2022",
                                "cards_read_more_text": "Read More",
                                "full_content_meta_separator": "\/\/\/",
                                "classic_row_gap": {
                                    "unit": "px",
                                    "size": 65,
                                    "sizes": []
                                },
                                "pagination_page_limit": "5",
                                "pagination_prev_label": "&laquo; Previous",
                                "pagination_next_label": "Next &raquo;",
                                "pagination_spacing_top": {
                                    "unit": "px",
                                    "size": 64,
                                    "sizes": []
                                },
                                "ha_advanced_tooltip_content": "I am a tooltip",
                                "pa_condition_repeater": [
                                    {
                                        "_id": "5d95d5a"
                                    }
                                ],
                                "__globals__": {
                                    "classic_title_color": "globals\/colors?id=ff1a0b3",
                                    "classic_title_typography_typography": "globals\/typography?id=2a17f79",
                                    "classic_meta_color": "globals\/colors?id=text",
                                    "classic_meta_typography_typography": "globals\/typography?id=cadddb4",
                                    "classic_excerpt_color": "globals\/colors?id=text",
                                    "classic_excerpt_typography_typography": "globals\/typography?id=text",
                                    "cards_title_color": "globals\/colors?id=ff1a0b3",
                                    "cards_title_typography_typography": "globals\/typography?id=2a17f79",
                                    "cards_excerpt_color": "globals\/colors?id=text",
                                    "cards_read_more_color": "globals\/colors?id=accent",
                                    "cards_card_bg_color": "globals\/colors?id=0c613fd",
                                    "cards_meta_color": "globals\/colors?id=text",
                                    "cards_meta_separator_color": "globals\/colors?id=text",
                                    "cards_meta_typography_typography": "globals\/typography?id=cadddb4",
                                    "cards_meta_border_color": "globals\/colors?id=8465d3c"
                                },
                                "_skin": "cards",
                                "classic_posts_per_page": 1,
                                "cards_columns": "1",
                                "cards_posts_per_page": 1,
                                "cards_thumbnail_size_size": "large",
                                "cards_item_ratio": {
                                    "unit": "px",
                                    "size": 0.67000000000000003996802888650563545525074005126953125,
                                    "sizes": []
                                },
                                "cards_show_badge": "",
                                "cards_show_avatar": "",
                                "posts_offset": 1,
                                "classic_title_color": "#171922",
                                "classic_title_typography_typography": "custom",
                                "classic_title_typography_font_family": "Inter",
                                "classic_title_typography_font_size": {
                                    "unit": "px",
                                    "size": 25,
                                    "sizes": []
                                },
                                "classic_title_typography_font_weight": "600",
                                "classic_title_typography_text_transform": "capitalize",
                                "classic_title_typography_line_height": {
                                    "unit": "em",
                                    "size": 1.3000000000000000444089209850062616169452667236328125,
                                    "sizes": []
                                },
                                "classic_title_typography_word_spacing": {
                                    "unit": "em",
                                    "size": "",
                                    "sizes": []
                                },
                                "classic_title_spacing": {
                                    "unit": "px",
                                    "size": 10,
                                    "sizes": []
                                },
                                "classic_meta_color": "#868686",
                                "classic_meta_typography_typography": "custom",
                                "classic_meta_typography_font_family": "Inter",
                                "classic_meta_typography_font_size": {
                                    "unit": "px",
                                    "size": 12,
                                    "sizes": []
                                },
                                "classic_meta_typography_font_weight": "400",
                                "classic_meta_typography_line_height": {
                                    "unit": "em",
                                    "size": "",
                                    "sizes": []
                                },
                                "classic_meta_typography_word_spacing": {
                                    "unit": "em",
                                    "size": "",
                                    "sizes": []
                                },
                                "classic_meta_spacing": {
                                    "unit": "px",
                                    "size": 10,
                                    "sizes": []
                                },
                                "classic_excerpt_color": "#868686",
                                "classic_excerpt_typography_typography": "custom",
                                "classic_excerpt_typography_font_family": "Inter",
                                "classic_excerpt_typography_font_size": {
                                    "unit": "px",
                                    "size": 16,
                                    "sizes": []
                                },
                                "classic_excerpt_typography_font_weight": "400",
                                "classic_excerpt_typography_line_height": {
                                    "unit": "em",
                                    "size": 1.5,
                                    "sizes": []
                                },
                                "classic_excerpt_spacing": {
                                    "unit": "px",
                                    "size": 10,
                                    "sizes": []
                                },
                                "cards_card_bg_color": "#171922",
                                "cards_card_padding": {
                                    "unit": "px",
                                    "size": 0,
                                    "sizes": []
                                },
                                "cards_box_shadow_box_shadow_type": "",
                                "cards_hover_effect": "none",
                                "cards_title_color": "#FFFFFF",
                                "cards_title_typography_typography": "custom",
                                "cards_title_typography_font_family": "Inter",
                                "cards_title_typography_font_size": {
                                    "unit": "px",
                                    "size": 25,
                                    "sizes": []
                                },
                                "cards_title_typography_font_weight": "600",
                                "cards_title_typography_text_transform": "capitalize",
                                "cards_title_typography_line_height": {
                                    "unit": "em",
                                    "size": 1.3000000000000000444089209850062616169452667236328125,
                                    "sizes": []
                                },
                                "cards_title_typography_word_spacing": {
                                    "unit": "em",
                                    "size": "",
                                    "sizes": []
                                },
                                "cards_title_spacing": {
                                    "unit": "px",
                                    "size": 10,
                                    "sizes": []
                                },
                                "cards_meta_color": "#868686",
                                "cards_meta_separator_color": "#868686",
                                "cards_meta_typography_typography": "custom",
                                "cards_meta_typography_font_family": "Inter",
                                "cards_meta_typography_font_size": {
                                    "unit": "px",
                                    "size": 12,
                                    "sizes": []
                                },
                                "cards_meta_typography_font_weight": "400",
                                "cards_meta_typography_line_height": {
                                    "unit": "em",
                                    "size": "",
                                    "sizes": []
                                },
                                "cards_meta_typography_word_spacing": {
                                    "unit": "em",
                                    "size": "",
                                    "sizes": []
                                },
                                "cards_excerpt_color": "#FFFFFF",
                                "cards_excerpt_spacing": {
                                    "unit": "px",
                                    "size": 6,
                                    "sizes": []
                                },
                                "cards_read_more_color": "#4D54F6",
                                "cards_columns_tablet": "1",
                                "cards_item_ratio_tablet": {
                                    "unit": "px",
                                    "size": 0.59999999999999997779553950749686919152736663818359375,
                                    "sizes": []
                                }
                            },
                            "elements": [],
                            "isInner": false,
                            "widgetType": "posts",
                            "elType": "widget"
                        }
                    ],
                    "isInner": false,
                    "elType": "column"
                },
                {
                    "id": "11f8e2f2",
                    "settings": {
                        "_column_size": 50,
                        "_inline_size": 42.7349999999999994315658113919198513031005859375,
                        "pa_condition_repeater": [
                            {
                                "_id": "cfe7c11"
                            }
                        ],
                        "_inline_size_tablet": 100
                    },
                    "elements": [
                        {
                            "id": "7fb3f2ee",
                            "settings": {
                                "space": {
                                    "unit": "px",
                                    "size": 121,
                                    "sizes": []
                                },
                                "ha_advanced_tooltip_content": "I am a tooltip",
                                "pa_condition_repeater": [
                                    {
                                        "_id": "51ed0de"
                                    }
                                ],
                                "space_tablet": {
                                    "unit": "px",
                                    "size": 10,
                                    "sizes": []
                                }
                            },
                            "elements": [],
                            "isInner": false,
                            "widgetType": "spacer",
                            "elType": "widget"
                        },
                        {
                            "id": "7f748527",
                            "settings": {
                                "classic_columns": "1",
                                "classic_thumbnail": "right",
                                "classic_thumbnail_size_size": "large",
                                "classic_item_ratio": {
                                    "unit": "px",
                                    "size": 0.6999999999999999555910790149937383830547332763671875,
                                    "sizes": []
                                },
                                "classic_image_width": {
                                    "unit": "%",
                                    "size": 40,
                                    "sizes": []
                                },
                                "classic_meta_separator": "-",
                                "classic_read_more_text": "Read More",
                                "cards_meta_separator": "\u2022",
                                "cards_read_more_text": "Read More \u00bb",
                                "full_content_meta_separator": "\/\/\/",
                                "classic_row_gap": {
                                    "unit": "px",
                                    "size": 30,
                                    "sizes": []
                                },
                                "pagination_page_limit": "5",
                                "pagination_prev_label": "&laquo; Previous",
                                "pagination_next_label": "Next &raquo;",
                                "pagination_spacing_top": {
                                    "unit": "px",
                                    "size": 64,
                                    "sizes": []
                                },
                                "ha_advanced_tooltip_content": "I am a tooltip",
                                "pa_condition_repeater": [
                                    {
                                        "_id": "5d95d5a"
                                    }
                                ],
                                "__globals__": {
                                    "classic_title_color": "globals\/colors?id=ff1a0b3",
                                    "classic_title_typography_typography": "globals\/typography?id=0d8e5b9",
                                    "classic_meta_color": "globals\/colors?id=text",
                                    "classic_meta_typography_typography": "globals\/typography?id=cadddb4"
                                },
                                "classic_posts_per_page": 4,
                                "classic_show_excerpt": "",
                                "classic_show_read_more": "",
                                "posts_offset": 3,
                                "classic_item_ratio_mobile": {
                                    "unit": "px",
                                    "size": 1.7399999999999999911182158029987476766109466552734375,
                                    "sizes": []
                                },
                                "classic_image_width_mobile": {
                                    "unit": "%",
                                    "size": 40,
                                    "sizes": []
                                }
                            },
                            "elements": [],
                            "isInner": false,
                            "widgetType": "posts",
                            "elType": "widget"
                        }
                    ],
                    "isInner": false,
                    "elType": "column"
                }
            ],
            "isInner": false,
            "elType": "section"
        },
        {
            "id": "4ff7d3fa",
            "settings": {
                "background_background": "classic",
                "padding": {
                    "unit": "px",
                    "top": "94",
                    "right": "0",
                    "bottom": "94",
                    "left": "0",
                    "isLinked": false
                },
                "pa_condition_repeater": [
                    {
                        "_id": "f0659d4"
                    }
                ],
                "__globals__": {
                    "background_color": "globals\/colors?id=primary",
                    "background_color_b": "globals\/colors?id=primary"
                },
                "background_color_stop": {
                    "unit": "%",
                    "size": 10,
                    "sizes": []
                },
                "background_color_b_stop": {
                    "unit": "%",
                    "size": 0,
                    "sizes": []
                },
                "gap": "wider"
            },
            "elements": [
                {
                    "id": "15a3f033",
                    "settings": {
                        "_column_size": 100,
                        "_inline_size": null,
                        "pa_condition_repeater": [
                            {
                                "_id": "d69c2ac"
                            }
                        ],
                        "padding": {
                            "unit": "px",
                            "top": "0",
                            "right": "0",
                            "bottom": "0",
                            "left": "0",
                            "isLinked": true
                        }
                    },
                    "elements": [
                        {
                            "id": "4dcde555",
                            "settings": {
                                "classic_thumbnail_size_size": "large",
                                "classic_item_ratio": {
                                    "unit": "px",
                                    "size": 0.770000000000000017763568394002504646778106689453125,
                                    "sizes": []
                                },
                                "classic_meta_separator": "-",
                                "classic_read_more_text": "Read More",
                                "cards_meta_separator": "\u2022",
                                "cards_read_more_text": "Read More \u00bb",
                                "full_content_meta_separator": "\/\/\/",
                                "classic_row_gap": {
                                    "unit": "px",
                                    "size": 60,
                                    "sizes": []
                                },
                                "pagination_type": "numbers_and_prev_next",
                                "pagination_page_limit": "5",
                                "pagination_prev_label": "&laquo; Previous",
                                "pagination_next_label": "Next &raquo;",
                                "pagination_spacing_top": {
                                    "unit": "px",
                                    "size": 64,
                                    "sizes": []
                                },
                                "ha_advanced_tooltip_content": "I am a tooltip",
                                "pa_condition_repeater": [
                                    {
                                        "_id": "5d95d5a"
                                    }
                                ],
                                "__globals__": {
                                    "classic_title_color": "globals\/colors?id=0c613fd",
                                    "classic_title_typography_typography": "globals\/typography?id=0d8e5b9",
                                    "classic_meta_color": "globals\/colors?id=accent",
                                    "classic_meta_typography_typography": "globals\/typography?id=cadddb4",
                                    "classic_excerpt_color": "globals\/colors?id=0c613fd",
                                    "classic_excerpt_typography_typography": "globals\/typography?id=text",
                                    "classic_read_more_typography_typography": "globals\/typography?id=241e537",
                                    "pagination_color": "globals\/colors?id=0c613fd",
                                    "pagination_hover_color": "globals\/colors?id=accent",
                                    "pagination_active_color": "globals\/colors?id=accent"
                                },
                                "posts_offset": 4,
                                "classic_title_spacing": {
                                    "unit": "px",
                                    "size": 10,
                                    "sizes": []
                                },
                                "_margin": {
                                    "unit": "px",
                                    "top": "-164",
                                    "right": "0",
                                    "bottom": "0",
                                    "left": "0",
                                    "isLinked": false
                                }
                            },
                            "elements": [],
                            "isInner": false,
                            "widgetType": "posts",
                            "elType": "widget"
                        }
                    ],
                    "isInner": false,
                    "elType": "column"
                }
            ],
            "isInner": false,
            "elType": "section"
        },
        {
            "id": "3f9ec263",
            "settings": {
                "background_background": "classic",
                "padding": {
                    "unit": "px",
                    "top": "94",
                    "right": "0",
                    "bottom": "94",
                    "left": "0",
                    "isLinked": false
                },
                "pa_condition_repeater": [
                    {
                        "_id": "2b03de6"
                    }
                ],
                "__globals__": {
                    "background_color": "globals\/colors?id=1bb216a"
                },
                "padding_tablet": {
                    "unit": "px",
                    "top": "48",
                    "right": "0",
                    "bottom": "48",
                    "left": "0",
                    "isLinked": false
                }
            },
            "elements": [
                {
                    "id": "33e45a88",
                    "settings": {
                        "_column_size": 100,
                        "_inline_size": null,
                        "pa_condition_repeater": [
                            {
                                "_id": "6d41ba4"
                            }
                        ]
                    },
                    "elements": [
                        {
                            "id": "345e1b3",
                            "settings": {
                                "gap": "wider",
                                "custom_height_inner": {
                                    "unit": "px",
                                    "size": 0,
                                    "sizes": []
                                },
                                "structure": "20",
                                "background_background": "classic",
                                "pa_condition_repeater": [
                                    {
                                        "_id": "4e5699a"
                                    }
                                ],
                                "__globals__": {
                                    "background_color": "globals\/colors?id=a10680d"
                                }
                            },
                            "elements": [
                                {
                                    "id": "49e7fd74",
                                    "settings": {
                                        "_column_size": 50,
                                        "_inline_size": 47.36800000000000210320649784989655017852783203125,
                                        "pa_condition_repeater": [
                                            {
                                                "_id": "b7a3ee2"
                                            }
                                        ],
                                        "_inline_size_tablet": 50
                                    },
                                    "elements": [
                                        {
                                            "id": "53a46fd4",
                                            "settings": {
                                                "title": "Stay connected with us",
                                                "header_size": "h3",
                                                "_margin": {
                                                    "unit": "px",
                                                    "top": "0",
                                                    "right": "0",
                                                    "bottom": "15",
                                                    "left": "0",
                                                    "isLinked": false
                                                },
                                                "ha_advanced_tooltip_content": "I am a tooltip",
                                                "pa_condition_repeater": [
                                                    {
                                                        "_id": "33aff2e"
                                                    }
                                                ],
                                                "align_mobile": "center",
                                                "__globals__": {
                                                    "title_color": "globals\/colors?id=0c613fd"
                                                }
                                            },
                                            "elements": [],
                                            "isInner": false,
                                            "widgetType": "heading",
                                            "elType": "widget"
                                        },
                                        {
                                            "id": "65bdee0",
                                            "settings": {
                                                "editor": "Lorem ipsum dolor sit amet, consectetur adipiscing",
                                                "ha_advanced_tooltip_content": "I am a tooltip",
                                                "pa_condition_repeater": [
                                                    {
                                                        "_id": "e60be09"
                                                    }
                                                ],
                                                "align_mobile": "center",
                                                "__globals__": {
                                                    "text_color": "globals\/colors?id=0c613fd"
                                                }
                                            },
                                            "elements": [],
                                            "isInner": false,
                                            "widgetType": "text-editor",
                                            "elType": "widget"
                                        }
                                    ],
                                    "isInner": true,
                                    "elType": "column"
                                },
                                {
                                    "id": "27502f69",
                                    "settings": {
                                        "_column_size": 50,
                                        "_inline_size": 52.381000000000000227373675443232059478759765625,
                                        "content_position": "center",
                                        "pa_condition_repeater": [
                                            {
                                                "_id": "2ac101f"
                                            }
                                        ],
                                        "_inline_size_tablet": 50
                                    },
                                    "elements": [
                                        {
                                            "id": "5c145d23",
                                            "settings": {
                                                "form_name": "New Form",
                                                "form_fields": [
                                                    {
                                                        "custom_id": "email",
                                                        "field_type": "email",
                                                        "required": "true",
                                                        "field_label": "Email",
                                                        "placeholder": "Your email address",
                                                        "width": "70",
                                                        "_id": "53e60d5",
                                                        "width_tablet": "100"
                                                    }
                                                ],
                                                "input_size": "md",
                                                "show_labels": "",
                                                "button_size": "md",
                                                "button_width": "30",
                                                "step_next_label": "Next",
                                                "step_previous_label": "Previous",
                                                "button_text": "Sign Up Now",
                                                "email_content": "[all-fields]",
                                                "email_content_2": "[all-fields]",
                                                "success_message": "The form was sent successfully.",
                                                "error_message": "An error occurred.",
                                                "required_field_message": "This field is required.",
                                                "invalid_message": "There's something wrong. The form is invalid.",
                                                "button_text_padding": {
                                                    "unit": "px",
                                                    "top": "0",
                                                    "right": "0",
                                                    "bottom": "0",
                                                    "left": "0",
                                                    "isLinked": true
                                                },
                                                "_margin": {
                                                    "unit": "px",
                                                    "top": "0",
                                                    "right": "0",
                                                    "bottom": "10",
                                                    "left": "0",
                                                    "isLinked": false
                                                },
                                                "ha_advanced_tooltip_content": "I am a tooltip",
                                                "pa_condition_repeater": [
                                                    {
                                                        "_id": "5fb78d3"
                                                    }
                                                ],
                                                "__globals__": {
                                                    "field_background_color": "globals\/colors?id=0c613fd",
                                                    "field_border_color": "globals\/colors?id=8465d3c"
                                                },
                                                "button_width_tablet": "100"
                                            },
                                            "elements": [],
                                            "isInner": false,
                                            "widgetType": "form",
                                            "elType": "widget"
                                        }
                                    ],
                                    "isInner": true,
                                    "elType": "column"
                                }
                            ],
                            "isInner": true,
                            "elType": "section"
                        }
                    ],
                    "isInner": false,
                    "elType": "column"
                }
            ],
            "isInner": false,
            "elType": "section"
        }
    ],
    "page_settings": {
        "hide_title": "yes",
        "ha_grid_number": "",
        "ha_grid_zindex": "1000",
        "eael_ext_toc_title": "Table of Contents",
        "template": "elementor_header_footer"
    }
}