{
    "version": "0.4",
    "title": "Blog Archive",
    "type": "archive",
    "metadata": {
        "template_type": "archive-blog",
        "include_in_zip": "1",
        "elementor_pro_required": "1",
        "elementor_library_type": "archive",
        "elementor_pro_conditions": [
            "include\/archive\/post_archive"
        ],
        "additional_template_information": [
            "This is a \"Archive\" template for Elementor Pro.",
            "This template will display on: Posts Archive."
        ],
        "wp_page_template": "default"
    },
    "content": [
        {
            "id": "41b2dcee",
            "settings": {
                "gap": "wider",
                "height": "min-height",
                "background_background": "classic",
                "pa_condition_repeater": [
                    {
                        "_id": "b7944bd"
                    }
                ],
                "__globals__": {
                    "background_color": "globals\/colors?id=primary",
                    "background_overlay_color": "globals\/colors?id=primary",
                    "background_overlay_color_b": "globals\/colors?id=secondary"
                },
                "background_image": {
                    "url": "http:\/\/templatekit.puriwp.com\/iddax\/wp-content\/uploads\/sites\/12\/2022\/04\/Image-K4VU8JA.jpg",
                    "id": 143,
                    "alt": "",
                    "source": "library"
                },
                "background_repeat": "no-repeat",
                "background_size": "cover",
                "background_overlay_background": "gradient",
                "background_overlay_opacity": {
                    "unit": "px",
                    "size": 0.90000000000000002220446049250313080847263336181640625,
                    "sizes": []
                },
                "margin": {
                    "unit": "px",
                    "top": "-125",
                    "right": 0,
                    "bottom": "0",
                    "left": 0,
                    "isLinked": false
                },
                "padding": {
                    "unit": "px",
                    "top": "90",
                    "right": "0",
                    "bottom": "0",
                    "left": "0",
                    "isLinked": false
                },
                "background_xpos": {
                    "unit": "px",
                    "size": -607,
                    "sizes": []
                },
                "background_attachment": "fixed",
                "background_overlay_color_stop": {
                    "unit": "%",
                    "size": 36,
                    "sizes": []
                },
                "background_overlay_gradient_angle": {
                    "unit": "deg",
                    "size": 40,
                    "sizes": []
                }
            },
            "elements": [
                {
                    "id": "50501b3",
                    "settings": {
                        "_column_size": 100,
                        "_inline_size": null,
                        "pa_condition_repeater": [
                            {
                                "_id": "b64063a"
                            }
                        ],
                        "margin": {
                            "unit": "%",
                            "top": "0",
                            "right": "20",
                            "bottom": "0",
                            "left": "20",
                            "isLinked": false
                        },
                        "margin_tablet": {
                            "unit": "%",
                            "top": "",
                            "right": "",
                            "bottom": "",
                            "left": "",
                            "isLinked": true
                        },
                        "margin_mobile": {
                            "unit": "%",
                            "top": "0",
                            "right": "0",
                            "bottom": "0",
                            "left": "0",
                            "isLinked": false
                        }
                    },
                    "elements": [
                        {
                            "id": "4b3ae25",
                            "settings": {
                                "__dynamic__": {
                                    "title": "[elementor-tag id=\"\" name=\"archive-title\" settings=\"%7B%22include_context%22%3A%22yes%22%2C%22before%22%3A%22%22%2C%22after%22%3A%22%22%2C%22fallback%22%3A%22%22%7D\"]"
                                },
                                "title": "Add Your Heading Text Here",
                                "align": "center",
                                "_margin": {
                                    "unit": "px",
                                    "top": "0",
                                    "right": "0",
                                    "bottom": "20",
                                    "left": "0",
                                    "isLinked": false
                                },
                                "ha_advanced_tooltip_content": "I am a tooltip",
                                "pa_condition_repeater": [
                                    {
                                        "_id": "125b430"
                                    }
                                ],
                                "__globals__": {
                                    "title_color": "globals\/colors?id=0c613fd"
                                }
                            },
                            "elements": [],
                            "isInner": false,
                            "widgetType": "theme-archive-title",
                            "elType": "widget"
                        },
                        {
                            "id": "6ddffaa2",
                            "settings": {
                                "editor": "<p>Lorem ipsum dolor sit amet, consectetur adipiscing elit. Ut elit tellus, luctus nec ullamcorper mattis, pulvinar dapibus<\/p>",
                                "ha_advanced_tooltip_content": "I am a tooltip",
                                "pa_condition_repeater": [
                                    {
                                        "_id": "5289267"
                                    }
                                ],
                                "__globals__": {
                                    "text_color": "globals\/colors?id=0c613fd"
                                },
                                "align": "center"
                            },
                            "elements": [],
                            "isInner": false,
                            "widgetType": "text-editor",
                            "elType": "widget"
                        }
                    ],
                    "isInner": false,
                    "elType": "column"
                }
            ],
            "isInner": false,
            "elType": "section"
        },
        {
            "id": "2a4cc9cc",
            "settings": {
                "gap": "wider",
                "padding": {
                    "unit": "px",
                    "top": "64",
                    "right": "0",
                    "bottom": "64",
                    "left": "0",
                    "isLinked": false
                },
                "pa_condition_repeater": [
                    {
                        "_id": "93a382e"
                    }
                ]
            },
            "elements": [
                {
                    "id": "748aba1f",
                    "settings": {
                        "_column_size": 100,
                        "_inline_size": null,
                        "pa_condition_repeater": [
                            {
                                "_id": "98615c7"
                            }
                        ]
                    },
                    "elements": [
                        {
                            "id": "5acbd123",
                            "settings": {
                                "archive_classic_thumbnail_size_size": "large",
                                "archive_classic_item_ratio": {
                                    "unit": "px",
                                    "size": 1.25,
                                    "sizes": []
                                },
                                "archive_classic_meta_separator": "-",
                                "archive_classic_read_more_text": "Read More",
                                "archive_cards_meta_separator": "\u2022",
                                "archive_cards_read_more_text": "Read More \u00bb",
                                "archive_full_content_meta_separator": "\/\/\/",
                                "archive_classic_title_spacing": {
                                    "unit": "px",
                                    "size": 15,
                                    "sizes": []
                                },
                                "archive_classic_excerpt_spacing": {
                                    "unit": "px",
                                    "size": 15,
                                    "sizes": []
                                },
                                "pagination_page_limit": "5",
                                "pagination_prev_label": "&laquo; Previous",
                                "pagination_next_label": "Next &raquo;",
                                "nothing_found_message": "It seems we can't find what you're looking for.",
                                "ha_advanced_tooltip_content": "I am a tooltip",
                                "pa_condition_repeater": [
                                    {
                                        "_id": "7f717d5"
                                    }
                                ],
                                "__globals__": {
                                    "archive_classic_title_color": "globals\/colors?id=ff1a0b3",
                                    "archive_classic_title_typography_typography": "globals\/typography?id=0d8e5b9",
                                    "archive_classic_meta_color": "globals\/colors?id=text",
                                    "archive_classic_meta_separator_color": "globals\/colors?id=text",
                                    "archive_classic_meta_typography_typography": "globals\/typography?id=cadddb4",
                                    "archive_classic_excerpt_color": "globals\/colors?id=text",
                                    "archive_classic_excerpt_typography_typography": "globals\/typography?id=text",
                                    "archive_classic_read_more_color": "globals\/colors?id=accent",
                                    "archive_classic_read_more_typography_typography": "globals\/typography?id=241e537"
                                },
                                "archive_classic_columns": "2",
                                "archive_classic_thumbnail": "left",
                                "archive_classic_image_width": {
                                    "unit": "%",
                                    "size": 47,
                                    "sizes": []
                                },
                                "pagination_spacing_top": {
                                    "unit": "px",
                                    "size": 64,
                                    "sizes": []
                                },
                                "archive_classic_columns_tablet": "1",
                                "archive_classic_item_ratio_tablet": {
                                    "unit": "px",
                                    "size": 0.89000000000000001332267629550187848508358001708984375,
                                    "sizes": []
                                },
                                "archive_classic_item_ratio_mobile": {
                                    "unit": "px",
                                    "size": 1.2199999999999999733546474089962430298328399658203125,
                                    "sizes": []
                                },
                                "archive_classic_image_width_tablet": {
                                    "unit": "%",
                                    "size": 38,
                                    "sizes": []
                                },
                                "archive_classic_image_width_mobile": {
                                    "unit": "%",
                                    "size": 28,
                                    "sizes": []
                                },
                                "archive_classic_row_gap": {
                                    "unit": "px",
                                    "size": 65,
                                    "sizes": []
                                }
                            },
                            "elements": [],
                            "isInner": false,
                            "widgetType": "archive-posts",
                            "elType": "widget"
                        }
                    ],
                    "isInner": false,
                    "elType": "column"
                }
            ],
            "isInner": false,
            "elType": "section"
        }
    ],
    "page_settings": {
        "ha_grid_number": "",
        "ha_grid_zindex": "1000"
    }
}