{
    "version": "0.4",
    "title": "Contact",
    "type": "page",
    "metadata": {
        "template_type": "single-page",
        "include_in_zip": "1",
        "elementor_pro_required": "1",
        "wp_page_template": "elementor_header_footer"
    },
    "content": [
        {
            "id": "768b192e",
            "settings": {
                "gap": "wider",
                "height": "min-height",
                "background_background": "classic",
                "pa_condition_repeater": [
                    {
                        "_id": "b7944bd"
                    }
                ],
                "__globals__": {
                    "background_color": "globals\/colors?id=primary",
                    "background_overlay_color": "globals\/colors?id=primary",
                    "background_overlay_color_b": "globals\/colors?id=secondary"
                },
                "background_image": {
                    "url": "http:\/\/templatekit.puriwp.com\/iddax\/wp-content\/uploads\/sites\/12\/2022\/04\/Image-K4VU8JA.jpg",
                    "id": 143,
                    "alt": "",
                    "source": "library"
                },
                "background_repeat": "no-repeat",
                "background_size": "cover",
                "background_overlay_background": "gradient",
                "background_overlay_opacity": {
                    "unit": "px",
                    "size": 0.90000000000000002220446049250313080847263336181640625,
                    "sizes": []
                },
                "margin": {
                    "unit": "px",
                    "top": "-125",
                    "right": 0,
                    "bottom": "0",
                    "left": 0,
                    "isLinked": false
                },
                "padding": {
                    "unit": "px",
                    "top": "90",
                    "right": "0",
                    "bottom": "0",
                    "left": "0",
                    "isLinked": false
                },
                "background_xpos": {
                    "unit": "px",
                    "size": -607,
                    "sizes": []
                },
                "background_attachment": "fixed",
                "background_overlay_color_stop": {
                    "unit": "%",
                    "size": 36,
                    "sizes": []
                },
                "background_overlay_gradient_angle": {
                    "unit": "deg",
                    "size": 40,
                    "sizes": []
                }
            },
            "elements": [
                {
                    "id": "78bdcd38",
                    "settings": {
                        "_column_size": 100,
                        "_inline_size": null,
                        "pa_condition_repeater": [
                            {
                                "_id": "b64063a"
                            }
                        ],
                        "margin": {
                            "unit": "%",
                            "top": "0",
                            "right": "20",
                            "bottom": "0",
                            "left": "20",
                            "isLinked": false
                        },
                        "margin_tablet": {
                            "unit": "%",
                            "top": "",
                            "right": "",
                            "bottom": "",
                            "left": "",
                            "isLinked": true
                        },
                        "margin_mobile": {
                            "unit": "%",
                            "top": "0",
                            "right": "0",
                            "bottom": "0",
                            "left": "0",
                            "isLinked": false
                        }
                    },
                    "elements": [
                        {
                            "id": "52bbcd81",
                            "settings": {
                                "title": "Contact",
                                "header_size": "h1",
                                "ha_advanced_tooltip_content": "I am a tooltip",
                                "pa_condition_repeater": [
                                    {
                                        "_id": "125b430"
                                    }
                                ],
                                "__globals__": {
                                    "title_color": "globals\/colors?id=0c613fd"
                                },
                                "_margin": {
                                    "unit": "px",
                                    "top": "0",
                                    "right": "0",
                                    "bottom": "20",
                                    "left": "0",
                                    "isLinked": false
                                },
                                "align": "center",
                                "_animation": "fadeInDown"
                            },
                            "elements": [],
                            "isInner": false,
                            "widgetType": "heading",
                            "elType": "widget"
                        },
                        {
                            "id": "4da7916",
                            "settings": {
                                "editor": "<p>Lorem ipsum dolor sit amet, consectetur adipiscing elit. Ut elit tellus, luctus nec ullamcorper mattis, pulvinar dapibus<\/p>",
                                "ha_advanced_tooltip_content": "I am a tooltip",
                                "pa_condition_repeater": [
                                    {
                                        "_id": "5289267"
                                    }
                                ],
                                "__globals__": {
                                    "text_color": "globals\/colors?id=0c613fd"
                                },
                                "align": "center",
                                "_animation": "fadeInDown"
                            },
                            "elements": [],
                            "isInner": false,
                            "widgetType": "text-editor",
                            "elType": "widget"
                        }
                    ],
                    "isInner": false,
                    "elType": "column"
                }
            ],
            "isInner": false,
            "elType": "section"
        },
        {
            "id": "17a521ed",
            "settings": {
                "gap": "wider",
                "padding": {
                    "unit": "px",
                    "top": "94",
                    "right": "0",
                    "bottom": "94",
                    "left": "0",
                    "isLinked": false
                },
                "pa_condition_repeater": [
                    {
                        "_id": "7611320"
                    }
                ],
                "structure": "20",
                "padding_tablet": {
                    "unit": "px",
                    "top": "48",
                    "right": "0",
                    "bottom": "48",
                    "left": "0",
                    "isLinked": false
                },
                "reverse_order_mobile": "reverse-mobile"
            },
            "elements": [
                {
                    "id": "34f1b9d2",
                    "settings": {
                        "_column_size": 50,
                        "_inline_size": 54.12100000000000221689333557151257991790771484375,
                        "pa_condition_repeater": [
                            {
                                "_id": "15154cf"
                            }
                        ],
                        "align_mobile": "center"
                    },
                    "elements": [
                        {
                            "id": "7d8314e0",
                            "settings": {
                                "title": "Contact us",
                                "header_size": "div",
                                "_margin": {
                                    "unit": "px",
                                    "top": "0",
                                    "right": "0",
                                    "bottom": "15",
                                    "left": "0",
                                    "isLinked": false
                                },
                                "_element_width": "auto",
                                "ha_advanced_tooltip_content": "I am a tooltip",
                                "pa_condition_repeater": [
                                    {
                                        "_id": "0861b72"
                                    }
                                ],
                                "__globals__": {
                                    "title_color": "globals\/colors?id=accent",
                                    "typography_typography": "globals\/typography?id=9f7c242"
                                },
                                "_animation": "fadeInDown"
                            },
                            "elements": [],
                            "isInner": false,
                            "widgetType": "heading",
                            "elType": "widget"
                        },
                        {
                            "id": "4d0aeaeb",
                            "settings": {
                                "title": "give us feedback about how we can improve our products",
                                "_margin": {
                                    "unit": "px",
                                    "top": "0",
                                    "right": "0",
                                    "bottom": "15",
                                    "left": "0",
                                    "isLinked": false
                                },
                                "ha_advanced_tooltip_content": "I am a tooltip",
                                "pa_condition_repeater": [
                                    {
                                        "_id": "41cd843"
                                    }
                                ],
                                "align_mobile": "center",
                                "_animation": "fadeInDown"
                            },
                            "elements": [],
                            "isInner": false,
                            "widgetType": "heading",
                            "elType": "widget"
                        },
                        {
                            "id": "57cfb3be",
                            "settings": {
                                "editor": "<p>Vestibulum ac diam sit amet quam vehicula elementum sed sit amet dui. Vivamus magna justo, lacinia eget consectetur sed, convallis at tellus. Curabitur aliquet quam id dui posuere blandit. Vestibulum ante ipsum primis in faucibus orci luctus et ultrices posuere cubilia Curae; Donec velit neque, auctor sit amet aliquam vel, ullamcorper sit amet ligula. Praesent sapien massa, convallis a pellentesque nec, egestas non nisi. Donec sollicitudin molestie malesuada.<\/p>",
                                "text_columns": "2",
                                "_margin": {
                                    "unit": "px",
                                    "top": "0",
                                    "right": "0",
                                    "bottom": "0",
                                    "left": "0",
                                    "isLinked": false
                                },
                                "ha_advanced_tooltip_content": "I am a tooltip",
                                "pa_condition_repeater": [
                                    {
                                        "_id": "0a88f17"
                                    }
                                ],
                                "text_columns_mobile": "1",
                                "align_mobile": "center",
                                "_animation": "fadeInDown"
                            },
                            "elements": [],
                            "isInner": false,
                            "widgetType": "text-editor",
                            "elType": "widget"
                        },
                        {
                            "id": "458cff60",
                            "settings": {
                                "text": "Learn more",
                                "size": "md",
                                "_margin": {
                                    "unit": "px",
                                    "top": "20",
                                    "right": "0",
                                    "bottom": "0",
                                    "left": "0",
                                    "isLinked": false
                                },
                                "_element_width": "auto",
                                "ha_advanced_tooltip_content": "I am a tooltip",
                                "pa_condition_repeater": [
                                    {
                                        "_id": "d69fdb3"
                                    }
                                ],
                                "_animation": "fadeInDown"
                            },
                            "elements": [],
                            "isInner": false,
                            "widgetType": "button",
                            "elType": "widget"
                        }
                    ],
                    "isInner": false,
                    "elType": "column"
                },
                {
                    "id": "3f51f7a6",
                    "settings": {
                        "_column_size": 50,
                        "_inline_size": 45.78600000000000136424205265939235687255859375,
                        "background_background": "classic",
                        "background_image": {
                            "url": "",
                            "id": "",
                            "alt": "",
                            "source": "library"
                        },
                        "background_position": "center center",
                        "background_size": "cover",
                        "margin": {
                            "unit": "px",
                            "top": "0",
                            "right": "0",
                            "bottom": "0",
                            "left": "0",
                            "isLinked": false
                        },
                        "pa_condition_repeater": [
                            {
                                "_id": "f6c13ef"
                            }
                        ],
                        "margin_mobile": {
                            "unit": "px",
                            "top": "0",
                            "right": "0",
                            "bottom": "0",
                            "left": "0",
                            "isLinked": false
                        },
                        "content_position": "center"
                    },
                    "elements": [
                        {
                            "id": "1a53b66b",
                            "settings": {
                                "image": {
                                    "url": "http:\/\/templatekit.puriwp.com\/cryptodax\/wp-content\/uploads\/sites\/12\/2022\/04\/Image-GH5V3EA.png",
                                    "id": 2163,
                                    "alt": "",
                                    "source": "library"
                                },
                                "_margin": {
                                    "unit": "px",
                                    "top": "0",
                                    "right": "0",
                                    "bottom": "0",
                                    "left": "-120",
                                    "isLinked": false
                                },
                                "ha_advanced_tooltip_content": "I am a tooltip",
                                "pa_condition_repeater": [
                                    {
                                        "_id": "94a93ed"
                                    }
                                ]
                            },
                            "elements": [],
                            "isInner": false,
                            "widgetType": "image",
                            "elType": "widget"
                        }
                    ],
                    "isInner": false,
                    "elType": "column"
                }
            ],
            "isInner": false,
            "elType": "section"
        },
        {
            "id": "7c7d24ca",
            "settings": {
                "gap": "wider",
                "structure": "40",
                "background_background": "classic",
                "padding": {
                    "unit": "px",
                    "top": "94",
                    "right": "0",
                    "bottom": "94",
                    "left": "0",
                    "isLinked": false
                },
                "pa_condition_repeater": [
                    {
                        "_id": "6c1760b"
                    }
                ],
                "__globals__": {
                    "background_color": "globals\/colors?id=1bb216a"
                },
                "padding_tablet": {
                    "unit": "px",
                    "top": "48",
                    "right": "0",
                    "bottom": "48",
                    "left": "0",
                    "isLinked": false
                }
            },
            "elements": [
                {
                    "id": "4ff828f6",
                    "settings": {
                        "_column_size": 25,
                        "_inline_size": null,
                        "pa_condition_repeater": [
                            {
                                "_id": "50469ce"
                            }
                        ],
                        "_inline_size_tablet": 50,
                        "align_mobile": "center",
                        "animation": "fadeInDown"
                    },
                    "elements": [
                        {
                            "id": "411fbe7b",
                            "settings": {
                                "selected_icon": {
                                    "value": "icon icon-bullhorn",
                                    "library": "ekiticons"
                                },
                                "title_text": "Press and Marketing",
                                "description_text": "",
                                "position": "left",
                                "title_size": "h5",
                                "icon_size": {
                                    "unit": "px",
                                    "size": 35,
                                    "sizes": []
                                },
                                "content_vertical_alignment": "middle",
                                "title_bottom_space": {
                                    "unit": "px",
                                    "size": 0,
                                    "sizes": []
                                },
                                "_margin": {
                                    "unit": "px",
                                    "top": "0",
                                    "right": "0",
                                    "bottom": "15",
                                    "left": "0",
                                    "isLinked": false
                                },
                                "ha_advanced_tooltip_content": "I am a tooltip",
                                "pa_condition_repeater": [
                                    {
                                        "_id": "9a54051"
                                    }
                                ],
                                "__globals__": {
                                    "primary_color": "globals\/colors?id=accent",
                                    "hover_primary_color": "globals\/colors?id=accent",
                                    "hover_secondary_color": "globals\/colors?id=0c613fd",
                                    "secondary_color": "globals\/colors?id=0c613fd",
                                    "title_color": "globals\/colors?id=0c613fd"
                                },
                                "hover_animation": "float"
                            },
                            "elements": [],
                            "isInner": false,
                            "widgetType": "icon-box",
                            "elType": "widget"
                        },
                        {
                            "id": "ea601",
                            "settings": {
                                "editor": "<p>Curabitur non nulla sit amet nisl tempus convallis quis ac lectus.\u00a0<\/p>",
                                "_margin": {
                                    "unit": "px",
                                    "top": "0",
                                    "right": "0",
                                    "bottom": "15",
                                    "left": "0",
                                    "isLinked": false
                                },
                                "ha_advanced_tooltip_content": "I am a tooltip",
                                "pa_condition_repeater": [
                                    {
                                        "_id": "fb53a75"
                                    }
                                ],
                                "align_mobile": "center",
                                "__globals__": {
                                    "text_color": "globals\/colors?id=0c613fd"
                                }
                            },
                            "elements": [],
                            "isInner": false,
                            "widgetType": "text-editor",
                            "elType": "widget"
                        },
                        {
                            "id": "9a0bfdc",
                            "settings": {
                                "text": "Contact us",
                                "selected_icon": {
                                    "value": "icon icon-arrow-right",
                                    "library": "ekiticons"
                                },
                                "icon_align": "right",
                                "icon_indent": {
                                    "unit": "px",
                                    "size": 10,
                                    "sizes": []
                                },
                                "text_padding": {
                                    "unit": "px",
                                    "top": "0",
                                    "right": "0",
                                    "bottom": "0",
                                    "left": "0",
                                    "isLinked": true
                                },
                                "_margin": {
                                    "unit": "px",
                                    "top": "0",
                                    "right": "0",
                                    "bottom": "0",
                                    "left": "0",
                                    "isLinked": false
                                },
                                "_element_width": "auto",
                                "ha_advanced_tooltip_content": "I am a tooltip",
                                "pa_condition_repeater": [
                                    {
                                        "_id": "d69fdb3"
                                    }
                                ],
                                "__globals__": {
                                    "background_color": "globals\/colors?id=a10680d",
                                    "button_text_color": "globals\/colors?id=accent",
                                    "button_background_hover_color": "globals\/colors?id=a10680d",
                                    "hover_color": "globals\/colors?id=921fa16"
                                }
                            },
                            "elements": [],
                            "isInner": false,
                            "widgetType": "button",
                            "elType": "widget"
                        }
                    ],
                    "isInner": false,
                    "elType": "column"
                },
                {
                    "id": "4ddf137f",
                    "settings": {
                        "_column_size": 25,
                        "_inline_size": null,
                        "pa_condition_repeater": [
                            {
                                "_id": "3b141ff"
                            }
                        ],
                        "_inline_size_tablet": 50,
                        "align_mobile": "center",
                        "animation": "fadeInDown"
                    },
                    "elements": [
                        {
                            "id": "24fb4f1f",
                            "settings": {
                                "selected_icon": {
                                    "value": "icon icon-bug",
                                    "library": "ekiticons"
                                },
                                "title_text": "Bug Bounty Program",
                                "description_text": "",
                                "position": "left",
                                "title_size": "h5",
                                "icon_size": {
                                    "unit": "px",
                                    "size": 35,
                                    "sizes": []
                                },
                                "content_vertical_alignment": "middle",
                                "title_bottom_space": {
                                    "unit": "px",
                                    "size": 0,
                                    "sizes": []
                                },
                                "_margin": {
                                    "unit": "px",
                                    "top": "0",
                                    "right": "0",
                                    "bottom": "15",
                                    "left": "0",
                                    "isLinked": false
                                },
                                "ha_advanced_tooltip_content": "I am a tooltip",
                                "pa_condition_repeater": [
                                    {
                                        "_id": "9a54051"
                                    }
                                ],
                                "__globals__": {
                                    "primary_color": "globals\/colors?id=accent",
                                    "hover_primary_color": "globals\/colors?id=accent",
                                    "hover_secondary_color": "globals\/colors?id=0c613fd",
                                    "secondary_color": "globals\/colors?id=0c613fd",
                                    "title_color": "globals\/colors?id=0c613fd"
                                },
                                "hover_animation": "float"
                            },
                            "elements": [],
                            "isInner": false,
                            "widgetType": "icon-box",
                            "elType": "widget"
                        },
                        {
                            "id": "46d5323b",
                            "settings": {
                                "editor": "<p>Curabitur non nulla sit amet nisl tempus convallis quis ac lectus.\u00a0<\/p>",
                                "ha_advanced_tooltip_content": "I am a tooltip",
                                "pa_condition_repeater": [
                                    {
                                        "_id": "fb53a75"
                                    }
                                ],
                                "align_mobile": "center",
                                "_margin": {
                                    "unit": "px",
                                    "top": "0",
                                    "right": "0",
                                    "bottom": "15",
                                    "left": "0",
                                    "isLinked": false
                                },
                                "__globals__": {
                                    "text_color": "globals\/colors?id=0c613fd"
                                }
                            },
                            "elements": [],
                            "isInner": false,
                            "widgetType": "text-editor",
                            "elType": "widget"
                        },
                        {
                            "id": "26ad87f7",
                            "settings": {
                                "text": "Report Bug",
                                "selected_icon": {
                                    "value": "icon icon-arrow-right",
                                    "library": "ekiticons"
                                },
                                "icon_align": "right",
                                "icon_indent": {
                                    "unit": "px",
                                    "size": 10,
                                    "sizes": []
                                },
                                "text_padding": {
                                    "unit": "px",
                                    "top": "0",
                                    "right": "0",
                                    "bottom": "0",
                                    "left": "0",
                                    "isLinked": true
                                },
                                "_margin": {
                                    "unit": "px",
                                    "top": "0",
                                    "right": "0",
                                    "bottom": "0",
                                    "left": "0",
                                    "isLinked": false
                                },
                                "_element_width": "auto",
                                "ha_advanced_tooltip_content": "I am a tooltip",
                                "pa_condition_repeater": [
                                    {
                                        "_id": "d69fdb3"
                                    }
                                ],
                                "__globals__": {
                                    "background_color": "globals\/colors?id=a10680d",
                                    "button_text_color": "globals\/colors?id=accent",
                                    "button_background_hover_color": "globals\/colors?id=a10680d",
                                    "hover_color": "globals\/colors?id=921fa16"
                                }
                            },
                            "elements": [],
                            "isInner": false,
                            "widgetType": "button",
                            "elType": "widget"
                        }
                    ],
                    "isInner": false,
                    "elType": "column"
                },
                {
                    "id": "1e0bf234",
                    "settings": {
                        "_column_size": 25,
                        "_inline_size": null,
                        "pa_condition_repeater": [
                            {
                                "_id": "c2dd8e1"
                            }
                        ],
                        "_inline_size_tablet": 50,
                        "align_mobile": "center",
                        "animation": "fadeInDown"
                    },
                    "elements": [
                        {
                            "id": "723b213f",
                            "settings": {
                                "selected_icon": {
                                    "value": "icon icon-paper-plane",
                                    "library": "ekiticons"
                                },
                                "title_text": "Corporate Accounts",
                                "description_text": "",
                                "position": "left",
                                "title_size": "h5",
                                "icon_size": {
                                    "unit": "px",
                                    "size": 35,
                                    "sizes": []
                                },
                                "content_vertical_alignment": "middle",
                                "title_bottom_space": {
                                    "unit": "px",
                                    "size": 0,
                                    "sizes": []
                                },
                                "_margin": {
                                    "unit": "px",
                                    "top": "0",
                                    "right": "0",
                                    "bottom": "15",
                                    "left": "0",
                                    "isLinked": false
                                },
                                "ha_advanced_tooltip_content": "I am a tooltip",
                                "pa_condition_repeater": [
                                    {
                                        "_id": "9a54051"
                                    }
                                ],
                                "__globals__": {
                                    "primary_color": "globals\/colors?id=accent",
                                    "hover_primary_color": "globals\/colors?id=accent",
                                    "hover_secondary_color": "globals\/colors?id=0c613fd",
                                    "secondary_color": "globals\/colors?id=0c613fd",
                                    "title_color": "globals\/colors?id=0c613fd"
                                },
                                "hover_animation": "float"
                            },
                            "elements": [],
                            "isInner": false,
                            "widgetType": "icon-box",
                            "elType": "widget"
                        },
                        {
                            "id": "2e097f4f",
                            "settings": {
                                "editor": "<p>Curabitur non nulla sit amet nisl tempus convallis quis ac lectus.\u00a0<\/p>",
                                "ha_advanced_tooltip_content": "I am a tooltip",
                                "pa_condition_repeater": [
                                    {
                                        "_id": "fb53a75"
                                    }
                                ],
                                "align_mobile": "center",
                                "_margin": {
                                    "unit": "px",
                                    "top": "0",
                                    "right": "0",
                                    "bottom": "15",
                                    "left": "0",
                                    "isLinked": false
                                },
                                "__globals__": {
                                    "text_color": "globals\/colors?id=0c613fd"
                                }
                            },
                            "elements": [],
                            "isInner": false,
                            "widgetType": "text-editor",
                            "elType": "widget"
                        },
                        {
                            "id": "1bc11a81",
                            "settings": {
                                "text": "Contact us",
                                "selected_icon": {
                                    "value": "icon icon-arrow-right",
                                    "library": "ekiticons"
                                },
                                "icon_align": "right",
                                "icon_indent": {
                                    "unit": "px",
                                    "size": 10,
                                    "sizes": []
                                },
                                "text_padding": {
                                    "unit": "px",
                                    "top": "0",
                                    "right": "0",
                                    "bottom": "0",
                                    "left": "0",
                                    "isLinked": true
                                },
                                "_margin": {
                                    "unit": "px",
                                    "top": "0",
                                    "right": "0",
                                    "bottom": "0",
                                    "left": "0",
                                    "isLinked": false
                                },
                                "_element_width": "auto",
                                "ha_advanced_tooltip_content": "I am a tooltip",
                                "pa_condition_repeater": [
                                    {
                                        "_id": "d69fdb3"
                                    }
                                ],
                                "__globals__": {
                                    "background_color": "globals\/colors?id=a10680d",
                                    "button_text_color": "globals\/colors?id=accent",
                                    "button_background_hover_color": "globals\/colors?id=a10680d",
                                    "hover_color": "globals\/colors?id=921fa16"
                                }
                            },
                            "elements": [],
                            "isInner": false,
                            "widgetType": "button",
                            "elType": "widget"
                        }
                    ],
                    "isInner": false,
                    "elType": "column"
                },
                {
                    "id": "33c6adc5",
                    "settings": {
                        "_column_size": 25,
                        "_inline_size": null,
                        "pa_condition_repeater": [
                            {
                                "_id": "c2dd8e1"
                            }
                        ],
                        "_inline_size_tablet": 50,
                        "align_mobile": "center",
                        "animation": "fadeInDown"
                    },
                    "elements": [
                        {
                            "id": "526fdbf1",
                            "settings": {
                                "selected_icon": {
                                    "value": "icon icon-money",
                                    "library": "ekiticons"
                                },
                                "title_text": "Sales & Partnership",
                                "description_text": "",
                                "position": "left",
                                "title_size": "h5",
                                "icon_size": {
                                    "unit": "px",
                                    "size": 35,
                                    "sizes": []
                                },
                                "content_vertical_alignment": "middle",
                                "title_bottom_space": {
                                    "unit": "px",
                                    "size": 0,
                                    "sizes": []
                                },
                                "_margin": {
                                    "unit": "px",
                                    "top": "0",
                                    "right": "0",
                                    "bottom": "15",
                                    "left": "0",
                                    "isLinked": false
                                },
                                "ha_advanced_tooltip_content": "I am a tooltip",
                                "pa_condition_repeater": [
                                    {
                                        "_id": "9a54051"
                                    }
                                ],
                                "__globals__": {
                                    "primary_color": "globals\/colors?id=accent",
                                    "hover_primary_color": "globals\/colors?id=accent",
                                    "hover_secondary_color": "globals\/colors?id=0c613fd",
                                    "secondary_color": "globals\/colors?id=0c613fd",
                                    "title_color": "globals\/colors?id=0c613fd"
                                },
                                "hover_animation": "float"
                            },
                            "elements": [],
                            "isInner": false,
                            "widgetType": "icon-box",
                            "elType": "widget"
                        },
                        {
                            "id": "351fe3e3",
                            "settings": {
                                "editor": "<p>Curabitur non nulla sit amet nisl tempus convallis quis ac lectus.\u00a0<\/p>",
                                "ha_advanced_tooltip_content": "I am a tooltip",
                                "pa_condition_repeater": [
                                    {
                                        "_id": "fb53a75"
                                    }
                                ],
                                "align_mobile": "center",
                                "_margin": {
                                    "unit": "px",
                                    "top": "0",
                                    "right": "0",
                                    "bottom": "15",
                                    "left": "0",
                                    "isLinked": false
                                },
                                "__globals__": {
                                    "text_color": "globals\/colors?id=0c613fd"
                                }
                            },
                            "elements": [],
                            "isInner": false,
                            "widgetType": "text-editor",
                            "elType": "widget"
                        },
                        {
                            "id": "18413765",
                            "settings": {
                                "text": "Contact us",
                                "selected_icon": {
                                    "value": "icon icon-arrow-right",
                                    "library": "ekiticons"
                                },
                                "icon_align": "right",
                                "icon_indent": {
                                    "unit": "px",
                                    "size": 10,
                                    "sizes": []
                                },
                                "text_padding": {
                                    "unit": "px",
                                    "top": "0",
                                    "right": "0",
                                    "bottom": "0",
                                    "left": "0",
                                    "isLinked": true
                                },
                                "_margin": {
                                    "unit": "px",
                                    "top": "0",
                                    "right": "0",
                                    "bottom": "0",
                                    "left": "0",
                                    "isLinked": false
                                },
                                "_element_width": "auto",
                                "ha_advanced_tooltip_content": "I am a tooltip",
                                "pa_condition_repeater": [
                                    {
                                        "_id": "d69fdb3"
                                    }
                                ],
                                "__globals__": {
                                    "background_color": "globals\/colors?id=a10680d",
                                    "button_text_color": "globals\/colors?id=accent",
                                    "button_background_hover_color": "globals\/colors?id=a10680d",
                                    "hover_color": "globals\/colors?id=921fa16"
                                }
                            },
                            "elements": [],
                            "isInner": false,
                            "widgetType": "button",
                            "elType": "widget"
                        }
                    ],
                    "isInner": false,
                    "elType": "column"
                }
            ],
            "isInner": false,
            "elType": "section"
        },
        {
            "id": "5f79cfa0",
            "settings": {
                "gap": "wider",
                "structure": "20",
                "background_background": "classic",
                "background_color_b_stop": {
                    "unit": "%",
                    "size": 29,
                    "sizes": []
                },
                "background_gradient_angle": {
                    "unit": "deg",
                    "size": 90,
                    "sizes": []
                },
                "padding": {
                    "unit": "px",
                    "top": "0",
                    "right": "0",
                    "bottom": "0",
                    "left": "0",
                    "isLinked": false
                },
                "pa_condition_repeater": [
                    {
                        "_id": "e575d3d"
                    }
                ],
                "__globals__": {
                    "background_color": "globals\/colors?id=0c613fd",
                    "background_color_b": "globals\/colors?id=primary"
                },
                "padding_tablet": {
                    "unit": "px",
                    "top": "48",
                    "right": "0",
                    "bottom": "48",
                    "left": "0",
                    "isLinked": false
                },
                "background_color_stop": {
                    "unit": "%",
                    "size": 43,
                    "sizes": []
                }
            },
            "elements": [
                {
                    "id": "2c3e9c9d",
                    "settings": {
                        "_column_size": 50,
                        "_inline_size": 40,
                        "content_position": "center",
                        "background_background": "classic",
                        "border_width": {
                            "unit": "px",
                            "top": "1",
                            "right": "1",
                            "bottom": "1",
                            "left": "1",
                            "isLinked": true
                        },
                        "pa_condition_repeater": [
                            {
                                "_id": "6f8f7fd"
                            }
                        ],
                        "__globals__": {
                            "background_color": "globals\/colors?id=primary",
                            "border_color": "globals\/colors?id=8465d3c"
                        },
                        "margin": {
                            "unit": "px",
                            "top": "-40",
                            "right": "0",
                            "bottom": "-40",
                            "left": "0",
                            "isLinked": false
                        },
                        "padding": {
                            "unit": "px",
                            "top": "94",
                            "right": "30",
                            "bottom": "94",
                            "left": "30",
                            "isLinked": false
                        },
                        "z_index": 10
                    },
                    "elements": [
                        {
                            "id": "3ebe60e3",
                            "settings": {
                                "title": "Send Us Message",
                                "header_size": "h3",
                                "_margin": {
                                    "unit": "px",
                                    "top": "0",
                                    "right": "0",
                                    "bottom": "20",
                                    "left": "0",
                                    "isLinked": false
                                },
                                "ha_advanced_tooltip_content": "I am a tooltip",
                                "pa_condition_repeater": [
                                    {
                                        "_id": "ef96e52"
                                    }
                                ],
                                "__globals__": {
                                    "title_color": "globals\/colors?id=0c613fd"
                                },
                                "align_mobile": "center",
                                "_animation": "fadeInDown"
                            },
                            "elements": [],
                            "isInner": false,
                            "widgetType": "heading",
                            "elType": "widget"
                        },
                        {
                            "id": "cb46098",
                            "settings": {
                                "form_name": "New Form",
                                "form_fields": [
                                    {
                                        "custom_id": "name",
                                        "field_label": "Name",
                                        "placeholder": "Name",
                                        "_id": "3ba2028"
                                    },
                                    {
                                        "custom_id": "email",
                                        "field_type": "email",
                                        "required": "true",
                                        "field_label": "Email",
                                        "placeholder": "Email",
                                        "_id": "14a91d9"
                                    },
                                    {
                                        "custom_id": "message",
                                        "field_type": "textarea",
                                        "field_label": "Message",
                                        "placeholder": "Message",
                                        "_id": "651bce9"
                                    }
                                ],
                                "input_size": "md",
                                "show_labels": "",
                                "button_size": "md",
                                "button_align": "start",
                                "step_next_label": "Next",
                                "step_previous_label": "Previous",
                                "button_text": "Send Message",
                                "email_content": "[all-fields]",
                                "email_content_2": "[all-fields]",
                                "success_message": "The form was sent successfully.",
                                "error_message": "An error occurred.",
                                "required_field_message": "This field is required.",
                                "invalid_message": "There's something wrong. The form is invalid.",
                                "row_gap": {
                                    "unit": "px",
                                    "size": 30,
                                    "sizes": []
                                },
                                "field_border_width": {
                                    "unit": "px",
                                    "top": "1",
                                    "right": "1",
                                    "bottom": "1",
                                    "left": "1",
                                    "isLinked": true
                                },
                                "ha_advanced_tooltip_content": "I am a tooltip",
                                "pa_condition_repeater": [
                                    {
                                        "_id": "38a6649"
                                    }
                                ],
                                "__globals__": {
                                    "field_border_color": "globals\/colors?id=8465d3c",
                                    "field_background_color": "globals\/colors?id=a10680d",
                                    "field_text_color": "globals\/colors?id=0c613fd"
                                },
                                "button_align_mobile": "stretch"
                            },
                            "elements": [],
                            "isInner": false,
                            "widgetType": "form",
                            "elType": "widget"
                        }
                    ],
                    "isInner": false,
                    "elType": "column"
                },
                {
                    "id": "23b48ddf",
                    "settings": {
                        "_column_size": 50,
                        "_inline_size": 60,
                        "margin": {
                            "unit": "px",
                            "top": "0",
                            "right": "0",
                            "bottom": "0",
                            "left": "30",
                            "isLinked": false
                        },
                        "pa_condition_repeater": [
                            {
                                "_id": "1a8c98e"
                            }
                        ],
                        "margin_mobile": {
                            "unit": "px",
                            "top": "0",
                            "right": "0",
                            "bottom": "0",
                            "left": "0",
                            "isLinked": false
                        },
                        "padding": {
                            "unit": "px",
                            "top": "94",
                            "right": "30",
                            "bottom": "94",
                            "left": "0",
                            "isLinked": false
                        }
                    },
                    "elements": [
                        {
                            "id": "11433f63",
                            "settings": {
                                "pa_condition_repeater": [
                                    {
                                        "_id": "a7d0af7"
                                    }
                                ]
                            },
                            "elements": [
                                {
                                    "id": "13190cad",
                                    "settings": {
                                        "_column_size": 100,
                                        "_inline_size": null,
                                        "pa_condition_repeater": [
                                            {
                                                "_id": "4250036"
                                            }
                                        ],
                                        "align_mobile": "center"
                                    },
                                    "elements": [
                                        {
                                            "id": "16d635ee",
                                            "settings": {
                                                "title": "Get in touch",
                                                "header_size": "div",
                                                "_margin": {
                                                    "unit": "px",
                                                    "top": "0",
                                                    "right": "0",
                                                    "bottom": "15",
                                                    "left": "0",
                                                    "isLinked": false
                                                },
                                                "_element_width": "auto",
                                                "ha_advanced_tooltip_content": "I am a tooltip",
                                                "pa_condition_repeater": [
                                                    {
                                                        "_id": "0861b72"
                                                    }
                                                ],
                                                "__globals__": {
                                                    "title_color": "globals\/colors?id=accent",
                                                    "typography_typography": "globals\/typography?id=9f7c242"
                                                },
                                                "_animation": "fadeInDown"
                                            },
                                            "elements": [],
                                            "isInner": false,
                                            "widgetType": "heading",
                                            "elType": "widget"
                                        },
                                        {
                                            "id": "c95ca37",
                                            "settings": {
                                                "title": "The Innovative Spirit And Open-Minded Approach Of The People Here",
                                                "_margin": {
                                                    "unit": "px",
                                                    "top": "0",
                                                    "right": "0",
                                                    "bottom": "15",
                                                    "left": "0",
                                                    "isLinked": false
                                                },
                                                "ha_advanced_tooltip_content": "I am a tooltip",
                                                "pa_condition_repeater": [
                                                    {
                                                        "_id": "41cd843"
                                                    }
                                                ],
                                                "__globals__": {
                                                    "title_color": "globals\/colors?id=ff1a0b3"
                                                },
                                                "align_mobile": "center",
                                                "_animation": "fadeInDown"
                                            },
                                            "elements": [],
                                            "isInner": false,
                                            "widgetType": "heading",
                                            "elType": "widget"
                                        },
                                        {
                                            "id": "6141a7a1",
                                            "settings": {
                                                "ha_advanced_tooltip_content": "I am a tooltip",
                                                "pa_condition_repeater": [
                                                    {
                                                        "_id": "c498a3f"
                                                    }
                                                ],
                                                "__globals__": {
                                                    "text_color": "globals\/colors?id=text"
                                                },
                                                "align_mobile": "center",
                                                "_animation": "fadeInDown"
                                            },
                                            "elements": [],
                                            "isInner": false,
                                            "widgetType": "text-editor",
                                            "elType": "widget"
                                        }
                                    ],
                                    "isInner": true,
                                    "elType": "column"
                                }
                            ],
                            "isInner": true,
                            "elType": "section"
                        },
                        {
                            "id": "675a19fd",
                            "settings": {
                                "structure": "20",
                                "pa_condition_repeater": [
                                    {
                                        "_id": "b9db8f5"
                                    }
                                ]
                            },
                            "elements": [
                                {
                                    "id": "1aac069f",
                                    "settings": {
                                        "_column_size": 50,
                                        "_inline_size": null,
                                        "pa_condition_repeater": [
                                            {
                                                "_id": "1f0f8cc"
                                            }
                                        ],
                                        "_inline_size_tablet": 100,
                                        "animation": "fadeInDown"
                                    },
                                    "elements": [
                                        {
                                            "id": "743cc18e",
                                            "settings": {
                                                "title": "London",
                                                "header_size": "h6",
                                                "_margin": {
                                                    "unit": "px",
                                                    "top": "0",
                                                    "right": "0",
                                                    "bottom": "15",
                                                    "left": "0",
                                                    "isLinked": false
                                                },
                                                "ha_advanced_tooltip_content": "I am a tooltip",
                                                "pa_condition_repeater": [
                                                    {
                                                        "_id": "adc957c"
                                                    }
                                                ],
                                                "__globals__": {
                                                    "title_color": "globals\/colors?id=ff1a0b3"
                                                },
                                                "align_mobile": "center"
                                            },
                                            "elements": [],
                                            "isInner": false,
                                            "widgetType": "heading",
                                            "elType": "widget"
                                        },
                                        {
                                            "id": "5d958a97",
                                            "settings": {
                                                "icon_list": [
                                                    {
                                                        "text": "360 Fulham Park, West London",
                                                        "selected_icon": {
                                                            "value": "",
                                                            "library": ""
                                                        },
                                                        "_id": "c8481e7"
                                                    },
                                                    {
                                                        "text": "+14 99001132",
                                                        "selected_icon": {
                                                            "value": "",
                                                            "library": ""
                                                        },
                                                        "_id": "9e76a93"
                                                    },
                                                    {
                                                        "text": "Hello@cryptodax.xom",
                                                        "selected_icon": {
                                                            "value": "",
                                                            "library": ""
                                                        },
                                                        "_id": "6cd1dc7"
                                                    }
                                                ],
                                                "space_between": {
                                                    "unit": "px",
                                                    "size": 11,
                                                    "sizes": []
                                                },
                                                "ha_advanced_tooltip_content": "I am a tooltip",
                                                "pa_condition_repeater": [
                                                    {
                                                        "_id": "38571f9"
                                                    }
                                                ],
                                                "__globals__": {
                                                    "text_color": "globals\/colors?id=primary"
                                                },
                                                "icon_align_mobile": "center"
                                            },
                                            "elements": [],
                                            "isInner": false,
                                            "widgetType": "icon-list",
                                            "elType": "widget"
                                        }
                                    ],
                                    "isInner": true,
                                    "elType": "column"
                                },
                                {
                                    "id": "3572c505",
                                    "settings": {
                                        "_column_size": 50,
                                        "_inline_size": null,
                                        "pa_condition_repeater": [
                                            {
                                                "_id": "ea13a47"
                                            }
                                        ],
                                        "_inline_size_tablet": 100,
                                        "animation": "fadeInDown"
                                    },
                                    "elements": [
                                        {
                                            "id": "6df42873",
                                            "settings": {
                                                "title": "Birmingham",
                                                "header_size": "h6",
                                                "_margin": {
                                                    "unit": "px",
                                                    "top": "0",
                                                    "right": "0",
                                                    "bottom": "15",
                                                    "left": "0",
                                                    "isLinked": false
                                                },
                                                "ha_advanced_tooltip_content": "I am a tooltip",
                                                "pa_condition_repeater": [
                                                    {
                                                        "_id": "adc957c"
                                                    }
                                                ],
                                                "__globals__": {
                                                    "title_color": "globals\/colors?id=ff1a0b3"
                                                },
                                                "align_mobile": "center"
                                            },
                                            "elements": [],
                                            "isInner": false,
                                            "widgetType": "heading",
                                            "elType": "widget"
                                        },
                                        {
                                            "id": "6b29af93",
                                            "settings": {
                                                "icon_list": [
                                                    {
                                                        "text": "301 Villa Park, Birmingham City ",
                                                        "selected_icon": {
                                                            "value": "",
                                                            "library": ""
                                                        },
                                                        "_id": "c8481e7"
                                                    },
                                                    {
                                                        "text": "+14 99001132",
                                                        "selected_icon": {
                                                            "value": "",
                                                            "library": ""
                                                        },
                                                        "_id": "9e76a93"
                                                    },
                                                    {
                                                        "text": "Hello@cryptodax.xom",
                                                        "selected_icon": {
                                                            "value": "",
                                                            "library": ""
                                                        },
                                                        "_id": "6cd1dc7"
                                                    }
                                                ],
                                                "space_between": {
                                                    "unit": "px",
                                                    "size": 11,
                                                    "sizes": []
                                                },
                                                "ha_advanced_tooltip_content": "I am a tooltip",
                                                "pa_condition_repeater": [
                                                    {
                                                        "_id": "38571f9"
                                                    }
                                                ],
                                                "__globals__": {
                                                    "text_color": "globals\/colors?id=primary"
                                                },
                                                "icon_align_mobile": "center"
                                            },
                                            "elements": [],
                                            "isInner": false,
                                            "widgetType": "icon-list",
                                            "elType": "widget"
                                        }
                                    ],
                                    "isInner": true,
                                    "elType": "column"
                                }
                            ],
                            "isInner": true,
                            "elType": "section"
                        }
                    ],
                    "isInner": false,
                    "elType": "column"
                }
            ],
            "isInner": false,
            "elType": "section"
        },
        {
            "id": "2be3b022",
            "settings": {
                "layout": "full_width",
                "pa_condition_repeater": [
                    {
                        "_id": "dd38c78"
                    }
                ]
            },
            "elements": [
                {
                    "id": "6779099d",
                    "settings": {
                        "_column_size": 100,
                        "_inline_size": null,
                        "padding": {
                            "unit": "px",
                            "top": "0",
                            "right": "0",
                            "bottom": "0",
                            "left": "0",
                            "isLinked": true
                        },
                        "pa_condition_repeater": [
                            {
                                "_id": "1edf8f4"
                            }
                        ]
                    },
                    "elements": [
                        {
                            "id": "67af9ff6",
                            "settings": {
                                "address": "London Eye, London, United Kingdom",
                                "height": {
                                    "unit": "px",
                                    "size": 400,
                                    "sizes": []
                                },
                                "height_tablet": {
                                    "unit": "px",
                                    "size": 300,
                                    "sizes": []
                                },
                                "css_filters_css_filter": "custom",
                                "css_filters_brightness": {
                                    "unit": "px",
                                    "size": 110,
                                    "sizes": []
                                },
                                "css_filters_contrast": {
                                    "unit": "px",
                                    "size": 101,
                                    "sizes": []
                                },
                                "css_filters_saturate": {
                                    "unit": "px",
                                    "size": 43,
                                    "sizes": []
                                },
                                "ha_advanced_tooltip_content": "I am a tooltip",
                                "pa_condition_repeater": [
                                    {
                                        "_id": "2c6930d"
                                    }
                                ]
                            },
                            "elements": [],
                            "isInner": false,
                            "widgetType": "google_maps",
                            "elType": "widget"
                        }
                    ],
                    "isInner": false,
                    "elType": "column"
                }
            ],
            "isInner": false,
            "elType": "section"
        }
    ],
    "page_settings": {
        "hide_title": "yes",
        "ha_grid_number": "",
        "ha_grid_zindex": "1000",
        "eael_ext_toc_title": "Table of Contents",
        "template": "elementor_header_footer"
    }
}