{
    "version": "0.4",
    "title": "Cryptodax &#8211; Product Section",
    "type": "section",
    "metadata": {
        "template_type": "section-product",
        "include_in_zip": "1",
        "elementor_pro_required": "1",
        "wp_page_template": "elementor_canvas"
    },
    "content": [
        {
            "id": "288aa211",
            "settings": {
                "gap": "wider",
                "structure": "20",
                "padding": {
                    "unit": "px",
                    "top": "94",
                    "right": "0",
                    "bottom": "0",
                    "left": "0",
                    "isLinked": false
                },
                "pa_condition_repeater": [
                    {
                        "_id": "bfa4c47"
                    }
                ],
                "padding_tablet": {
                    "unit": "px",
                    "top": "48",
                    "right": "0",
                    "bottom": "0",
                    "left": "0",
                    "isLinked": false
                }
            },
            "elements": [
                {
                    "id": "38e4a6c1",
                    "settings": {
                        "_column_size": 50,
                        "_inline_size": 55.5750000000000028421709430404007434844970703125,
                        "content_position": "center",
                        "pa_condition_repeater": [
                            {
                                "_id": "df90ffe"
                            }
                        ],
                        "align_mobile": "center"
                    },
                    "elements": [
                        {
                            "id": "35d2b37e",
                            "settings": {
                                "title": "Our Products",
                                "header_size": "div",
                                "_margin": {
                                    "unit": "px",
                                    "top": "0",
                                    "right": "0",
                                    "bottom": "15",
                                    "left": "0",
                                    "isLinked": false
                                },
                                "_element_width": "auto",
                                "ha_advanced_tooltip_content": "I am a tooltip",
                                "pa_condition_repeater": [
                                    {
                                        "_id": "559cd37"
                                    }
                                ],
                                "_animation": "fadeInDown",
                                "__globals__": {
                                    "title_color": "globals\/colors?id=accent",
                                    "typography_typography": "globals\/typography?id=9f7c242"
                                }
                            },
                            "elements": [],
                            "isInner": false,
                            "widgetType": "heading",
                            "elType": "widget"
                        },
                        {
                            "id": "7347ad0d",
                            "settings": {
                                "title": "Products built for the cryptoeconomy",
                                "align": "left",
                                "_margin": {
                                    "unit": "px",
                                    "top": "0",
                                    "right": "0",
                                    "bottom": "15",
                                    "left": "0",
                                    "isLinked": false
                                },
                                "ha_advanced_tooltip_content": "I am a tooltip",
                                "pa_condition_repeater": [
                                    {
                                        "_id": "2fc916f"
                                    }
                                ],
                                "_animation": "fadeInDown",
                                "align_mobile": "center"
                            },
                            "elements": [],
                            "isInner": false,
                            "widgetType": "heading",
                            "elType": "widget"
                        }
                    ],
                    "isInner": false,
                    "elType": "column"
                },
                {
                    "id": "4c71b845",
                    "settings": {
                        "_column_size": 50,
                        "_inline_size": 42.35199999999999675992512493394315242767333984375,
                        "content_position": "center",
                        "pa_condition_repeater": [
                            {
                                "_id": "40b710d"
                            }
                        ]
                    },
                    "elements": [
                        {
                            "id": "6e656f8a",
                            "settings": {
                                "editor": "<p>Proin eget tortor risus. Nulla porttitor accumsan tincidunt. Vestibulum ac diam sit amet quam vehicula elementum sed sit amet dui. Nulla porttitor accumsan tincidunt.<\/p>",
                                "ha_advanced_tooltip_content": "I am a tooltip",
                                "pa_condition_repeater": [
                                    {
                                        "_id": "473c9b5"
                                    }
                                ],
                                "_animation": "fadeInDown",
                                "align_mobile": "center"
                            },
                            "elements": [],
                            "isInner": false,
                            "widgetType": "text-editor",
                            "elType": "widget"
                        }
                    ],
                    "isInner": false,
                    "elType": "column"
                }
            ],
            "isInner": false,
            "elType": "section"
        },
        {
            "id": "623f636",
            "settings": {
                "gap": "wider",
                "structure": "30",
                "padding": {
                    "unit": "px",
                    "top": "0",
                    "right": "0",
                    "bottom": "94",
                    "left": "0",
                    "isLinked": false
                },
                "pa_condition_repeater": [
                    {
                        "_id": "5477860"
                    }
                ],
                "padding_tablet": {
                    "unit": "px",
                    "top": "0",
                    "right": "0",
                    "bottom": "48",
                    "left": "0",
                    "isLinked": false
                }
            },
            "elements": [
                {
                    "id": "3abf83cb",
                    "settings": {
                        "_column_size": 33,
                        "_inline_size": null,
                        "pa_condition_repeater": [
                            {
                                "_id": "be74479"
                            }
                        ],
                        "align_mobile": "center"
                    },
                    "elements": [
                        {
                            "id": "3e9c352e",
                            "settings": {
                                "title": "Product  For Individual",
                                "header_size": "h4",
                                "_margin": {
                                    "unit": "px",
                                    "top": "0",
                                    "right": "0",
                                    "bottom": "15",
                                    "left": "0",
                                    "isLinked": false
                                },
                                "ha_advanced_tooltip_content": "I am a tooltip",
                                "pa_condition_repeater": [
                                    {
                                        "_id": "161a1cf"
                                    }
                                ],
                                "_animation": "fadeInDown",
                                "align_mobile": "center"
                            },
                            "elements": [],
                            "isInner": false,
                            "widgetType": "heading",
                            "elType": "widget"
                        },
                        {
                            "id": "549e34b0",
                            "settings": {
                                "editor": "<p>Elit tellus, luctus nec ullamcorper mattis, pulvinar dapibus leo.<\/p>",
                                "ha_advanced_tooltip_content": "I am a tooltip",
                                "pa_condition_repeater": [
                                    {
                                        "_id": "4d5d7c9"
                                    }
                                ],
                                "_animation": "fadeInDown",
                                "align_mobile": "center"
                            },
                            "elements": [],
                            "isInner": false,
                            "widgetType": "text-editor",
                            "elType": "widget"
                        },
                        {
                            "id": "3a247d44",
                            "settings": {
                                "icon_list": [
                                    {
                                        "text": "CoinDax",
                                        "selected_icon": {
                                            "value": "icon icon-right-arrow1",
                                            "library": "ekiticons"
                                        },
                                        "_id": "873425a",
                                        "link": {
                                            "url": "#",
                                            "is_external": "",
                                            "nofollow": "",
                                            "custom_attributes": ""
                                        }
                                    },
                                    {
                                        "text": "Wallet",
                                        "selected_icon": {
                                            "value": "icon icon-right-arrow1",
                                            "library": "ekiticons"
                                        },
                                        "link": {
                                            "url": "#",
                                            "is_external": "",
                                            "nofollow": "",
                                            "custom_attributes": ""
                                        },
                                        "_id": "e3210c5"
                                    },
                                    {
                                        "text": "Card",
                                        "selected_icon": {
                                            "value": "icon icon-right-arrow1",
                                            "library": "ekiticons"
                                        },
                                        "link": {
                                            "url": "#",
                                            "is_external": "",
                                            "nofollow": "",
                                            "custom_attributes": ""
                                        },
                                        "_id": "96ca9ed"
                                    },
                                    {
                                        "text": "Borrow",
                                        "selected_icon": {
                                            "value": "icon icon-right-arrow1",
                                            "library": "ekiticons"
                                        },
                                        "link": {
                                            "url": "#",
                                            "is_external": "",
                                            "nofollow": "",
                                            "custom_attributes": ""
                                        },
                                        "_id": "bd87557"
                                    }
                                ],
                                "space_between": {
                                    "unit": "px",
                                    "size": 24,
                                    "sizes": []
                                },
                                "divider": "yes",
                                "icon_size": {
                                    "unit": "px",
                                    "size": 9,
                                    "sizes": []
                                },
                                "text_indent": {
                                    "unit": "px",
                                    "size": 9,
                                    "sizes": []
                                },
                                "_margin": {
                                    "unit": "px",
                                    "top": "0",
                                    "right": "0",
                                    "bottom": "15",
                                    "left": "0",
                                    "isLinked": false
                                },
                                "ha_advanced_tooltip_content": "I am a tooltip",
                                "pa_condition_repeater": [
                                    {
                                        "_id": "82b6565"
                                    }
                                ],
                                "_animation": "fadeInDown",
                                "__globals__": {
                                    "icon_typography_typography": "globals\/typography?id=86ada94",
                                    "text_color": "globals\/colors?id=ff1a0b3",
                                    "divider_color": "globals\/colors?id=8465d3c",
                                    "text_color_hover": "globals\/colors?id=921fa16"
                                },
                                "icon_align_mobile": "center"
                            },
                            "elements": [],
                            "isInner": false,
                            "widgetType": "icon-list",
                            "elType": "widget"
                        },
                        {
                            "id": "65e2ed00",
                            "settings": {
                                "text": "Get Started",
                                "_element_width": "auto",
                                "ha_advanced_tooltip_content": "I am a tooltip",
                                "pa_condition_repeater": [
                                    {
                                        "_id": "abf2d81"
                                    }
                                ],
                                "_animation": "fadeInDown"
                            },
                            "elements": [],
                            "isInner": false,
                            "widgetType": "button",
                            "elType": "widget"
                        }
                    ],
                    "isInner": false,
                    "elType": "column"
                },
                {
                    "id": "43cb366e",
                    "settings": {
                        "_column_size": 33,
                        "_inline_size": null,
                        "pa_condition_repeater": [
                            {
                                "_id": "df51c26"
                            }
                        ],
                        "align_mobile": "center"
                    },
                    "elements": [
                        {
                            "id": "7cfe1b87",
                            "settings": {
                                "title": "Product  For Developer",
                                "header_size": "h4",
                                "_margin": {
                                    "unit": "px",
                                    "top": "0",
                                    "right": "0",
                                    "bottom": "15",
                                    "left": "0",
                                    "isLinked": false
                                },
                                "ha_advanced_tooltip_content": "I am a tooltip",
                                "pa_condition_repeater": [
                                    {
                                        "_id": "161a1cf"
                                    }
                                ],
                                "_animation": "fadeInDown",
                                "align_mobile": "center"
                            },
                            "elements": [],
                            "isInner": false,
                            "widgetType": "heading",
                            "elType": "widget"
                        },
                        {
                            "id": "6040db1c",
                            "settings": {
                                "editor": "<p>Elit tellus, luctus nec ullamcorper mattis, pulvinar dapibus leo.<\/p>",
                                "ha_advanced_tooltip_content": "I am a tooltip",
                                "pa_condition_repeater": [
                                    {
                                        "_id": "4d5d7c9"
                                    }
                                ],
                                "_animation": "fadeInDown",
                                "align_mobile": "center"
                            },
                            "elements": [],
                            "isInner": false,
                            "widgetType": "text-editor",
                            "elType": "widget"
                        },
                        {
                            "id": "61028ca5",
                            "settings": {
                                "icon_list": [
                                    {
                                        "text": "Ecommerce",
                                        "selected_icon": {
                                            "value": "icon icon-right-arrow1",
                                            "library": "ekiticons"
                                        },
                                        "link": {
                                            "url": "#",
                                            "is_external": "",
                                            "nofollow": "",
                                            "custom_attributes": ""
                                        },
                                        "_id": "bd87557"
                                    },
                                    {
                                        "text": "Wallet SDK",
                                        "selected_icon": {
                                            "value": "icon icon-right-arrow1",
                                            "library": "ekiticons"
                                        },
                                        "link": {
                                            "url": "#",
                                            "is_external": "",
                                            "nofollow": "",
                                            "custom_attributes": ""
                                        },
                                        "_id": "461b0eb"
                                    },
                                    {
                                        "text": "Exchange & Pro",
                                        "selected_icon": {
                                            "value": "icon icon-right-arrow1",
                                            "library": "ekiticons"
                                        },
                                        "link": {
                                            "url": "#",
                                            "is_external": "",
                                            "nofollow": "",
                                            "custom_attributes": ""
                                        },
                                        "_id": "fbb1a00"
                                    },
                                    {
                                        "text": "Build Web3 Apps",
                                        "selected_icon": {
                                            "value": "icon icon-right-arrow1",
                                            "library": "ekiticons"
                                        },
                                        "link": {
                                            "url": "#",
                                            "is_external": "",
                                            "nofollow": "",
                                            "custom_attributes": ""
                                        },
                                        "_id": "b54c6ea"
                                    }
                                ],
                                "space_between": {
                                    "unit": "px",
                                    "size": 24,
                                    "sizes": []
                                },
                                "divider": "yes",
                                "icon_size": {
                                    "unit": "px",
                                    "size": 9,
                                    "sizes": []
                                },
                                "text_indent": {
                                    "unit": "px",
                                    "size": 9,
                                    "sizes": []
                                },
                                "_margin": {
                                    "unit": "px",
                                    "top": "0",
                                    "right": "0",
                                    "bottom": "15",
                                    "left": "0",
                                    "isLinked": false
                                },
                                "ha_advanced_tooltip_content": "I am a tooltip",
                                "pa_condition_repeater": [
                                    {
                                        "_id": "82b6565"
                                    }
                                ],
                                "_animation": "fadeInDown",
                                "__globals__": {
                                    "icon_typography_typography": "globals\/typography?id=86ada94",
                                    "text_color": "globals\/colors?id=ff1a0b3",
                                    "divider_color": "globals\/colors?id=8465d3c",
                                    "text_color_hover": "globals\/colors?id=921fa16"
                                },
                                "icon_align_mobile": "center"
                            },
                            "elements": [],
                            "isInner": false,
                            "widgetType": "icon-list",
                            "elType": "widget"
                        },
                        {
                            "id": "58b70e87",
                            "settings": {
                                "text": "Get Started",
                                "_element_width": "auto",
                                "ha_advanced_tooltip_content": "I am a tooltip",
                                "pa_condition_repeater": [
                                    {
                                        "_id": "abf2d81"
                                    }
                                ],
                                "_animation": "fadeInDown"
                            },
                            "elements": [],
                            "isInner": false,
                            "widgetType": "button",
                            "elType": "widget"
                        }
                    ],
                    "isInner": false,
                    "elType": "column"
                },
                {
                    "id": "42e7a43a",
                    "settings": {
                        "_column_size": 33,
                        "_inline_size": null,
                        "pa_condition_repeater": [
                            {
                                "_id": "2a801d9"
                            }
                        ],
                        "align_mobile": "center"
                    },
                    "elements": [
                        {
                            "id": "40041faa",
                            "settings": {
                                "title": "Product For Business",
                                "header_size": "h4",
                                "_margin": {
                                    "unit": "px",
                                    "top": "0",
                                    "right": "0",
                                    "bottom": "15",
                                    "left": "0",
                                    "isLinked": false
                                },
                                "ha_advanced_tooltip_content": "I am a tooltip",
                                "pa_condition_repeater": [
                                    {
                                        "_id": "161a1cf"
                                    }
                                ],
                                "_animation": "fadeInDown",
                                "align_mobile": "center"
                            },
                            "elements": [],
                            "isInner": false,
                            "widgetType": "heading",
                            "elType": "widget"
                        },
                        {
                            "id": "e7c40a5",
                            "settings": {
                                "editor": "<p>Elit tellus, luctus nec ullamcorper mattis, pulvinar dapibus leo.<\/p>",
                                "ha_advanced_tooltip_content": "I am a tooltip",
                                "pa_condition_repeater": [
                                    {
                                        "_id": "4d5d7c9"
                                    }
                                ],
                                "_animation": "fadeInDown",
                                "align_mobile": "center"
                            },
                            "elements": [],
                            "isInner": false,
                            "widgetType": "text-editor",
                            "elType": "widget"
                        },
                        {
                            "id": "71d74e27",
                            "settings": {
                                "icon_list": [
                                    {
                                        "text": "Venture",
                                        "selected_icon": {
                                            "value": "icon icon-right-arrow1",
                                            "library": "ekiticons"
                                        },
                                        "_id": "873425a",
                                        "link": {
                                            "url": "#",
                                            "is_external": "",
                                            "nofollow": "",
                                            "custom_attributes": ""
                                        }
                                    },
                                    {
                                        "text": "Asset Hub",
                                        "selected_icon": {
                                            "value": "icon icon-right-arrow1",
                                            "library": "ekiticons"
                                        },
                                        "link": {
                                            "url": "#",
                                            "is_external": "",
                                            "nofollow": "",
                                            "custom_attributes": ""
                                        },
                                        "_id": "e3210c5"
                                    },
                                    {
                                        "text": "Card",
                                        "selected_icon": {
                                            "value": "icon icon-right-arrow1",
                                            "library": "ekiticons"
                                        },
                                        "link": {
                                            "url": "#",
                                            "is_external": "",
                                            "nofollow": "",
                                            "custom_attributes": ""
                                        },
                                        "_id": "96ca9ed"
                                    },
                                    {
                                        "text": "Institutional",
                                        "selected_icon": {
                                            "value": "icon icon-right-arrow1",
                                            "library": "ekiticons"
                                        },
                                        "link": {
                                            "url": "#",
                                            "is_external": "",
                                            "nofollow": "",
                                            "custom_attributes": ""
                                        },
                                        "_id": "bd87557"
                                    }
                                ],
                                "space_between": {
                                    "unit": "px",
                                    "size": 24,
                                    "sizes": []
                                },
                                "divider": "yes",
                                "icon_size": {
                                    "unit": "px",
                                    "size": 9,
                                    "sizes": []
                                },
                                "text_indent": {
                                    "unit": "px",
                                    "size": 9,
                                    "sizes": []
                                },
                                "_margin": {
                                    "unit": "px",
                                    "top": "0",
                                    "right": "0",
                                    "bottom": "15",
                                    "left": "0",
                                    "isLinked": false
                                },
                                "ha_advanced_tooltip_content": "I am a tooltip",
                                "pa_condition_repeater": [
                                    {
                                        "_id": "82b6565"
                                    }
                                ],
                                "_animation": "fadeInDown",
                                "__globals__": {
                                    "icon_typography_typography": "globals\/typography?id=86ada94",
                                    "text_color": "globals\/colors?id=ff1a0b3",
                                    "divider_color": "globals\/colors?id=8465d3c",
                                    "text_color_hover": "globals\/colors?id=921fa16"
                                },
                                "icon_align_mobile": "center"
                            },
                            "elements": [],
                            "isInner": false,
                            "widgetType": "icon-list",
                            "elType": "widget"
                        },
                        {
                            "id": "5c5b8e47",
                            "settings": {
                                "text": "Get Started",
                                "_element_width": "auto",
                                "ha_advanced_tooltip_content": "I am a tooltip",
                                "pa_condition_repeater": [
                                    {
                                        "_id": "abf2d81"
                                    }
                                ],
                                "_animation": "fadeInDown"
                            },
                            "elements": [],
                            "isInner": false,
                            "widgetType": "button",
                            "elType": "widget"
                        }
                    ],
                    "isInner": false,
                    "elType": "column"
                }
            ],
            "isInner": false,
            "elType": "section"
        }
    ],
    "page_settings": {
        "hide_title": "yes",
        "ha_grid_number": "",
        "ha_grid_zindex": "1000",
        "eael_ext_toc_title": "Table of Contents",
        "template": "elementor_canvas"
    }
}