{
    "version": "0.4",
    "title": "Cryptodax &#8211; About Section",
    "type": "section",
    "metadata": {
        "template_type": "section-about",
        "include_in_zip": "1",
        "elementor_pro_required": "1",
        "wp_page_template": "elementor_canvas"
    },
    "content": [
        {
            "id": "30c79003",
            "settings": {
                "gap": "wider",
                "padding": {
                    "unit": "px",
                    "top": "94",
                    "right": "0",
                    "bottom": "94",
                    "left": "0",
                    "isLinked": false
                },
                "pa_condition_repeater": [
                    {
                        "_id": "7611320"
                    }
                ],
                "structure": "20",
                "background_background": "classic",
                "__globals__": {
                    "background_color": "globals\/colors?id=a10680d"
                },
                "padding_tablet": {
                    "unit": "px",
                    "top": "48",
                    "right": "0",
                    "bottom": "48",
                    "left": "0",
                    "isLinked": false
                }
            },
            "elements": [
                {
                    "id": "6c0292b8",
                    "settings": {
                        "_column_size": 50,
                        "_inline_size": null,
                        "pa_condition_repeater": [
                            {
                                "_id": "15154cf"
                            }
                        ],
                        "background_background": "classic",
                        "background_image": {
                            "url": "http:\/\/templatekit.puriwp.com\/cryptodax\/wp-content\/uploads\/sites\/12\/2022\/04\/Image-AT2GRC4.png",
                            "id": 1625,
                            "alt": "",
                            "source": "library"
                        },
                        "background_position": "initial",
                        "background_xpos": {
                            "unit": "px",
                            "size": 9,
                            "sizes": []
                        },
                        "background_ypos": {
                            "unit": "px",
                            "size": -28,
                            "sizes": []
                        },
                        "background_repeat": "no-repeat",
                        "background_size": "cover",
                        "background_xpos_tablet": {
                            "unit": "px",
                            "size": 9,
                            "sizes": []
                        },
                        "_inline_size_tablet": 100
                    },
                    "elements": [
                        {
                            "id": "41ccce66",
                            "settings": {
                                "space": {
                                    "unit": "px",
                                    "size": 358,
                                    "sizes": []
                                },
                                "ha_advanced_tooltip_content": "I am a tooltip",
                                "pa_condition_repeater": [
                                    {
                                        "_id": "b5a0b99"
                                    }
                                ],
                                "space_tablet": {
                                    "unit": "px",
                                    "size": 378,
                                    "sizes": []
                                },
                                "space_mobile": {
                                    "unit": "px",
                                    "size": 218,
                                    "sizes": []
                                }
                            },
                            "elements": [],
                            "isInner": false,
                            "widgetType": "spacer",
                            "elType": "widget"
                        }
                    ],
                    "isInner": false,
                    "elType": "column"
                },
                {
                    "id": "a80feaa",
                    "settings": {
                        "_column_size": 50,
                        "_inline_size": null,
                        "pa_condition_repeater": [
                            {
                                "_id": "a317cc3"
                            }
                        ],
                        "_inline_size_tablet": 100,
                        "align_mobile": "center"
                    },
                    "elements": [
                        {
                            "id": "27e07687",
                            "settings": {
                                "title": "About us",
                                "header_size": "div",
                                "_margin": {
                                    "unit": "px",
                                    "top": "0",
                                    "right": "0",
                                    "bottom": "15",
                                    "left": "0",
                                    "isLinked": false
                                },
                                "_element_width": "auto",
                                "ha_advanced_tooltip_content": "I am a tooltip",
                                "pa_condition_repeater": [
                                    {
                                        "_id": "b81fced"
                                    }
                                ],
                                "__globals__": {
                                    "title_color": "globals\/colors?id=accent",
                                    "typography_typography": "globals\/typography?id=9f7c242"
                                },
                                "_animation": "fadeInDown"
                            },
                            "elements": [],
                            "isInner": false,
                            "widgetType": "heading",
                            "elType": "widget"
                        },
                        {
                            "id": "33acb8d",
                            "settings": {
                                "title": "building the cryptoeconomy  a more fair, accessible and efficient",
                                "_margin": {
                                    "unit": "px",
                                    "top": "0",
                                    "right": "0",
                                    "bottom": "15",
                                    "left": "0",
                                    "isLinked": false
                                },
                                "ha_advanced_tooltip_content": "I am a tooltip",
                                "pa_condition_repeater": [
                                    {
                                        "_id": "f4556d6"
                                    }
                                ],
                                "_animation": "fadeInDown",
                                "align_mobile": "center"
                            },
                            "elements": [],
                            "isInner": false,
                            "widgetType": "heading",
                            "elType": "widget"
                        },
                        {
                            "id": "4532abda",
                            "settings": {
                                "ha_advanced_tooltip_content": "I am a tooltip",
                                "pa_condition_repeater": [
                                    {
                                        "_id": "f0f2cb8"
                                    }
                                ],
                                "_animation": "fadeInDown",
                                "align_mobile": "center"
                            },
                            "elements": [],
                            "isInner": false,
                            "widgetType": "text-editor",
                            "elType": "widget"
                        },
                        {
                            "id": "3f199b07",
                            "settings": {
                                "text": "Learn more",
                                "_element_width": "auto",
                                "ha_advanced_tooltip_content": "I am a tooltip",
                                "pa_condition_repeater": [
                                    {
                                        "_id": "20fa784"
                                    }
                                ],
                                "_animation": "fadeInDown"
                            },
                            "elements": [],
                            "isInner": false,
                            "widgetType": "button",
                            "elType": "widget"
                        }
                    ],
                    "isInner": false,
                    "elType": "column"
                }
            ],
            "isInner": false,
            "elType": "section"
        },
        {
            "id": "4acb0a2c",
            "settings": {
                "gap": "wider",
                "structure": "30",
                "padding": {
                    "unit": "px",
                    "top": "0",
                    "right": "0",
                    "bottom": "94",
                    "left": "0",
                    "isLinked": false
                },
                "pa_condition_repeater": [
                    {
                        "_id": "1d6cc47"
                    }
                ],
                "padding_tablet": {
                    "unit": "px",
                    "top": "0",
                    "right": "0",
                    "bottom": "48",
                    "left": "0",
                    "isLinked": false
                }
            },
            "elements": [
                {
                    "id": "15d44a5f",
                    "settings": {
                        "_column_size": 33,
                        "_inline_size": null,
                        "border_border": "solid",
                        "border_width": {
                            "unit": "px",
                            "top": "0",
                            "right": "1",
                            "bottom": "0",
                            "left": "0",
                            "isLinked": false
                        },
                        "pa_condition_repeater": [
                            {
                                "_id": "e831e47"
                            }
                        ],
                        "__globals__": {
                            "border_color": "globals\/colors?id=8465d3c"
                        },
                        "align_mobile": "center",
                        "border_width_mobile": {
                            "unit": "px",
                            "top": "0",
                            "right": "0",
                            "bottom": "0",
                            "left": "0",
                            "isLinked": false
                        }
                    },
                    "elements": [
                        {
                            "id": "6dc904aa",
                            "settings": {
                                "title": "Buy Crypto Online",
                                "header_size": "h3",
                                "_margin": {
                                    "unit": "px",
                                    "top": "0",
                                    "right": "0",
                                    "bottom": "15",
                                    "left": "0",
                                    "isLinked": false
                                },
                                "ha_advanced_tooltip_content": "I am a tooltip",
                                "pa_condition_repeater": [
                                    {
                                        "_id": "3d1b6a1"
                                    }
                                ],
                                "_animation": "fadeInDown",
                                "align_mobile": "center"
                            },
                            "elements": [],
                            "isInner": false,
                            "widgetType": "heading",
                            "elType": "widget"
                        },
                        {
                            "id": "9bbfd99",
                            "settings": {
                                "ha_advanced_tooltip_content": "I am a tooltip",
                                "pa_condition_repeater": [
                                    {
                                        "_id": "3be0e4f"
                                    }
                                ],
                                "_animation": "fadeInDown",
                                "align_mobile": "center"
                            },
                            "elements": [],
                            "isInner": false,
                            "widgetType": "text-editor",
                            "elType": "widget"
                        },
                        {
                            "id": "430214f1",
                            "settings": {
                                "text": "Read More",
                                "size": "xs",
                                "selected_icon": {
                                    "value": "icon icon-arrow-right",
                                    "library": "ekiticons"
                                },
                                "icon_align": "right",
                                "icon_indent": {
                                    "unit": "px",
                                    "size": 10,
                                    "sizes": []
                                },
                                "text_padding": {
                                    "unit": "px",
                                    "top": "0",
                                    "right": "0",
                                    "bottom": "0",
                                    "left": "0",
                                    "isLinked": true
                                },
                                "_element_width": "auto",
                                "ha_advanced_tooltip_content": "I am a tooltip",
                                "pa_condition_repeater": [
                                    {
                                        "_id": "12efad1"
                                    }
                                ],
                                "__globals__": {
                                    "background_color": "globals\/colors?id=a10680d",
                                    "button_text_color": "globals\/colors?id=accent",
                                    "hover_color": "globals\/colors?id=921fa16"
                                },
                                "_animation": "fadeInDown"
                            },
                            "elements": [],
                            "isInner": false,
                            "widgetType": "button",
                            "elType": "widget"
                        }
                    ],
                    "isInner": false,
                    "elType": "column"
                },
                {
                    "id": "3d79e649",
                    "settings": {
                        "_column_size": 33,
                        "_inline_size": null,
                        "border_border": "solid",
                        "border_width": {
                            "unit": "px",
                            "top": "0",
                            "right": "1",
                            "bottom": "0",
                            "left": "0",
                            "isLinked": false
                        },
                        "pa_condition_repeater": [
                            {
                                "_id": "e831e47"
                            }
                        ],
                        "__globals__": {
                            "border_color": "globals\/colors?id=8465d3c"
                        },
                        "align_mobile": "center",
                        "border_width_mobile": {
                            "unit": "px",
                            "top": "0",
                            "right": "0",
                            "bottom": "0",
                            "left": "0",
                            "isLinked": false
                        }
                    },
                    "elements": [
                        {
                            "id": "55b603ce",
                            "settings": {
                                "title": "Sell Crypto Online",
                                "header_size": "h3",
                                "_margin": {
                                    "unit": "px",
                                    "top": "0",
                                    "right": "0",
                                    "bottom": "15",
                                    "left": "0",
                                    "isLinked": false
                                },
                                "ha_advanced_tooltip_content": "I am a tooltip",
                                "pa_condition_repeater": [
                                    {
                                        "_id": "3d1b6a1"
                                    }
                                ],
                                "_animation": "fadeInDown",
                                "align_mobile": "center"
                            },
                            "elements": [],
                            "isInner": false,
                            "widgetType": "heading",
                            "elType": "widget"
                        },
                        {
                            "id": "7e001564",
                            "settings": {
                                "ha_advanced_tooltip_content": "I am a tooltip",
                                "pa_condition_repeater": [
                                    {
                                        "_id": "3be0e4f"
                                    }
                                ],
                                "_animation": "fadeInDown",
                                "align_mobile": "center"
                            },
                            "elements": [],
                            "isInner": false,
                            "widgetType": "text-editor",
                            "elType": "widget"
                        },
                        {
                            "id": "5bb8deb0",
                            "settings": {
                                "text": "Read More",
                                "size": "xs",
                                "selected_icon": {
                                    "value": "icon icon-arrow-right",
                                    "library": "ekiticons"
                                },
                                "icon_align": "right",
                                "icon_indent": {
                                    "unit": "px",
                                    "size": 10,
                                    "sizes": []
                                },
                                "text_padding": {
                                    "unit": "px",
                                    "top": "0",
                                    "right": "0",
                                    "bottom": "0",
                                    "left": "0",
                                    "isLinked": true
                                },
                                "_element_width": "auto",
                                "ha_advanced_tooltip_content": "I am a tooltip",
                                "pa_condition_repeater": [
                                    {
                                        "_id": "12efad1"
                                    }
                                ],
                                "__globals__": {
                                    "background_color": "globals\/colors?id=a10680d",
                                    "button_text_color": "globals\/colors?id=accent",
                                    "hover_color": "globals\/colors?id=921fa16"
                                },
                                "_animation": "fadeInDown"
                            },
                            "elements": [],
                            "isInner": false,
                            "widgetType": "button",
                            "elType": "widget"
                        }
                    ],
                    "isInner": false,
                    "elType": "column"
                },
                {
                    "id": "789bfcd",
                    "settings": {
                        "_column_size": 33,
                        "_inline_size": null,
                        "pa_condition_repeater": [
                            {
                                "_id": "3865110"
                            }
                        ],
                        "align_mobile": "center"
                    },
                    "elements": [
                        {
                            "id": "4a5356fa",
                            "settings": {
                                "title": "earn extra income",
                                "header_size": "h3",
                                "_margin": {
                                    "unit": "px",
                                    "top": "0",
                                    "right": "0",
                                    "bottom": "15",
                                    "left": "0",
                                    "isLinked": false
                                },
                                "ha_advanced_tooltip_content": "I am a tooltip",
                                "pa_condition_repeater": [
                                    {
                                        "_id": "3d1b6a1"
                                    }
                                ],
                                "_animation": "fadeInDown",
                                "align_mobile": "center"
                            },
                            "elements": [],
                            "isInner": false,
                            "widgetType": "heading",
                            "elType": "widget"
                        },
                        {
                            "id": "473c9757",
                            "settings": {
                                "ha_advanced_tooltip_content": "I am a tooltip",
                                "pa_condition_repeater": [
                                    {
                                        "_id": "3be0e4f"
                                    }
                                ],
                                "_animation": "fadeInDown",
                                "align_mobile": "center"
                            },
                            "elements": [],
                            "isInner": false,
                            "widgetType": "text-editor",
                            "elType": "widget"
                        },
                        {
                            "id": "245727f0",
                            "settings": {
                                "text": "Read More",
                                "size": "xs",
                                "selected_icon": {
                                    "value": "icon icon-arrow-right",
                                    "library": "ekiticons"
                                },
                                "icon_align": "right",
                                "icon_indent": {
                                    "unit": "px",
                                    "size": 10,
                                    "sizes": []
                                },
                                "text_padding": {
                                    "unit": "px",
                                    "top": "0",
                                    "right": "0",
                                    "bottom": "0",
                                    "left": "0",
                                    "isLinked": true
                                },
                                "_element_width": "auto",
                                "ha_advanced_tooltip_content": "I am a tooltip",
                                "pa_condition_repeater": [
                                    {
                                        "_id": "12efad1"
                                    }
                                ],
                                "__globals__": {
                                    "background_color": "globals\/colors?id=a10680d",
                                    "button_text_color": "globals\/colors?id=accent",
                                    "hover_color": "globals\/colors?id=921fa16"
                                },
                                "_animation": "fadeInDown"
                            },
                            "elements": [],
                            "isInner": false,
                            "widgetType": "button",
                            "elType": "widget"
                        }
                    ],
                    "isInner": false,
                    "elType": "column"
                }
            ],
            "isInner": false,
            "elType": "section"
        }
    ],
    "page_settings": {
        "hide_title": "yes",
        "ha_grid_number": "",
        "ha_grid_zindex": "1000",
        "eael_ext_toc_title": "Table of Contents",
        "template": "elementor_canvas"
    }
}