{
    "version": "0.4",
    "title": "Cryptodax &#8211; Hero Section",
    "type": "section",
    "metadata": {
        "template_type": "section-hero",
        "include_in_zip": "1",
        "elementor_pro_required": "1",
        "wp_page_template": "elementor_canvas"
    },
    "content": [
        {
            "id": "1f5f2058",
            "settings": {
                "gap": "wider",
                "structure": "20",
                "background_background": "gradient",
                "background_color_stop": {
                    "unit": "%",
                    "size": 100,
                    "sizes": []
                },
                "background_gradient_angle": {
                    "unit": "deg",
                    "size": 210,
                    "sizes": []
                },
                "margin": {
                    "unit": "px",
                    "top": "0",
                    "right": 0,
                    "bottom": "0",
                    "left": 0,
                    "isLinked": false
                },
                "padding": {
                    "unit": "px",
                    "top": "94",
                    "right": "0",
                    "bottom": "128",
                    "left": "0",
                    "isLinked": false
                },
                "pa_condition_repeater": [
                    {
                        "_id": "23611a0"
                    }
                ],
                "__globals__": {
                    "background_color": "globals\/colors?id=primary",
                    "background_color_b": "globals\/colors?id=secondary"
                },
                "background_color_b_stop": {
                    "unit": "%",
                    "size": 94,
                    "sizes": []
                },
                "reverse_order_mobile": "reverse-mobile"
            },
            "elements": [
                {
                    "id": "16e2a41",
                    "settings": {
                        "_column_size": 50,
                        "_inline_size": 55.768000000000000682121026329696178436279296875,
                        "pa_condition_repeater": [
                            {
                                "_id": "9d230da"
                            }
                        ],
                        "margin": {
                            "unit": "px",
                            "top": "0",
                            "right": "30",
                            "bottom": "0",
                            "left": "0",
                            "isLinked": false
                        },
                        "align_mobile": "center"
                    },
                    "elements": [
                        {
                            "id": "2708f2c",
                            "settings": {
                                "title": "Trusted And Secure Bitcoin & Crypto Exchange",
                                "header_size": "h1",
                                "_margin": {
                                    "unit": "px",
                                    "top": "0",
                                    "right": "0",
                                    "bottom": "15",
                                    "left": "0",
                                    "isLinked": false
                                },
                                "ha_advanced_tooltip_content": "I am a tooltip",
                                "pa_condition_repeater": [
                                    {
                                        "_id": "77a6c0e"
                                    }
                                ],
                                "__globals__": {
                                    "title_color": "globals\/colors?id=0c613fd"
                                },
                                "_animation": "fadeInDown",
                                "align_mobile": "center"
                            },
                            "elements": [],
                            "isInner": false,
                            "widgetType": "heading",
                            "elType": "widget"
                        },
                        {
                            "id": "15ba82e3",
                            "settings": {
                                "ha_advanced_tooltip_content": "I am a tooltip",
                                "pa_condition_repeater": [
                                    {
                                        "_id": "248b568"
                                    }
                                ],
                                "__globals__": {
                                    "text_color": "globals\/colors?id=0c613fd"
                                },
                                "_margin": {
                                    "unit": "px",
                                    "top": "0",
                                    "right": "0",
                                    "bottom": "16",
                                    "left": "0",
                                    "isLinked": false
                                },
                                "_animation": "fadeInDown",
                                "align_mobile": "center"
                            },
                            "elements": [],
                            "isInner": false,
                            "widgetType": "text-editor",
                            "elType": "widget"
                        },
                        {
                            "id": "d364af3",
                            "settings": {
                                "selected_icon": {
                                    "value": "icon icon-vplay",
                                    "library": "ekiticons"
                                },
                                "title_text": "Watch Video",
                                "description_text": "",
                                "position": "left",
                                "title_size": "div",
                                "icon_space": {
                                    "unit": "px",
                                    "size": 5,
                                    "sizes": []
                                },
                                "icon_size": {
                                    "unit": "px",
                                    "size": 50,
                                    "sizes": []
                                },
                                "content_vertical_alignment": "middle",
                                "title_bottom_space": {
                                    "unit": "px",
                                    "size": 10,
                                    "sizes": []
                                },
                                "_element_width": "auto",
                                "ha_advanced_tooltip_content": "I am a tooltip",
                                "pa_condition_repeater": [
                                    {
                                        "_id": "89fdc76"
                                    }
                                ],
                                "__globals__": {
                                    "primary_color": "globals\/colors?id=0c613fd",
                                    "title_color": "globals\/colors?id=0c613fd",
                                    "title_typography_typography": "globals\/typography?id=primary"
                                },
                                "__dynamic__": {
                                    "link": "[elementor-tag id=\"5e32847\" name=\"lightbox\" settings=\"%7B%22type%22%3A%22video%22%2C%22video_url%22%3A%22https%3A%2F%2Fwww.youtube.com%2Fwatch%3Fv%3DXHOmBV4js_E%22%7D\"]"
                                },
                                "_margin": {
                                    "unit": "px",
                                    "top": "0",
                                    "right": "0",
                                    "bottom": "0",
                                    "left": "0",
                                    "isLinked": false
                                },
                                "_animation": "fadeInDown"
                            },
                            "elements": [],
                            "isInner": false,
                            "widgetType": "icon-box",
                            "elType": "widget"
                        }
                    ],
                    "isInner": false,
                    "elType": "column"
                },
                {
                    "id": "5d711f6d",
                    "settings": {
                        "_column_size": 50,
                        "_inline_size": 44.03999999999999914734871708787977695465087890625,
                        "content_position": "center",
                        "pa_condition_repeater": [
                            {
                                "_id": "ea98c06"
                            }
                        ]
                    },
                    "elements": [
                        {
                            "id": "3b1e51c4",
                            "settings": {
                                "image": {
                                    "url": "http:\/\/templatekit.puriwp.com\/cryptodax\/wp-content\/uploads\/sites\/12\/2022\/04\/Image-LPUF2X7.png",
                                    "id": 2804,
                                    "alt": "",
                                    "source": "library"
                                },
                                "width": {
                                    "unit": "%",
                                    "size": 100,
                                    "sizes": []
                                },
                                "space": {
                                    "unit": "%",
                                    "size": 100,
                                    "sizes": []
                                },
                                "hover_animation": "float",
                                "_margin": {
                                    "unit": "px",
                                    "top": "-90",
                                    "right": "0",
                                    "bottom": "0",
                                    "left": "-70",
                                    "isLinked": false
                                },
                                "ha_advanced_tooltip_content": "I am a tooltip",
                                "pa_condition_repeater": [
                                    {
                                        "_id": "3821e72"
                                    }
                                ]
                            },
                            "elements": [],
                            "isInner": false,
                            "widgetType": "image",
                            "elType": "widget"
                        }
                    ],
                    "isInner": false,
                    "elType": "column"
                }
            ],
            "isInner": false,
            "elType": "section"
        }
    ],
    "page_settings": {
        "hide_title": "yes",
        "ha_grid_number": "",
        "ha_grid_zindex": "1000",
        "eael_ext_toc_title": "Table of Contents",
        "template": "elementor_canvas"
    }
}