{
    "version": "0.4",
    "title": "FAQ",
    "type": "page",
    "metadata": {
        "template_type": "single-page",
        "include_in_zip": "1",
        "elementor_pro_required": "1",
        "wp_page_template": "elementor_header_footer"
    },
    "content": [
        {
            "id": "6461ae6a",
            "settings": {
                "gap": "wider",
                "height": "min-height",
                "background_background": "classic",
                "pa_condition_repeater": [
                    {
                        "_id": "b7944bd"
                    }
                ],
                "__globals__": {
                    "background_color": "globals\/colors?id=primary",
                    "background_overlay_color": "globals\/colors?id=primary",
                    "background_overlay_color_b": "globals\/colors?id=secondary"
                },
                "background_image": {
                    "url": "http:\/\/templatekit.puriwp.com\/iddax\/wp-content\/uploads\/sites\/12\/2022\/04\/Image-K4VU8JA.jpg",
                    "id": 143,
                    "alt": "",
                    "source": "library"
                },
                "background_repeat": "no-repeat",
                "background_size": "cover",
                "background_overlay_background": "gradient",
                "background_overlay_opacity": {
                    "unit": "px",
                    "size": 0.90000000000000002220446049250313080847263336181640625,
                    "sizes": []
                },
                "margin": {
                    "unit": "px",
                    "top": "-125",
                    "right": 0,
                    "bottom": "0",
                    "left": 0,
                    "isLinked": false
                },
                "padding": {
                    "unit": "px",
                    "top": "90",
                    "right": "0",
                    "bottom": "0",
                    "left": "0",
                    "isLinked": false
                },
                "background_xpos": {
                    "unit": "px",
                    "size": -607,
                    "sizes": []
                },
                "background_attachment": "fixed",
                "background_overlay_color_stop": {
                    "unit": "%",
                    "size": 36,
                    "sizes": []
                },
                "background_overlay_gradient_angle": {
                    "unit": "deg",
                    "size": 40,
                    "sizes": []
                }
            },
            "elements": [
                {
                    "id": "44318e09",
                    "settings": {
                        "_column_size": 100,
                        "_inline_size": null,
                        "pa_condition_repeater": [
                            {
                                "_id": "b64063a"
                            }
                        ],
                        "margin": {
                            "unit": "%",
                            "top": "0",
                            "right": "20",
                            "bottom": "0",
                            "left": "20",
                            "isLinked": false
                        },
                        "margin_tablet": {
                            "unit": "%",
                            "top": "0",
                            "right": "0",
                            "bottom": "0",
                            "left": "0",
                            "isLinked": false
                        },
                        "margin_mobile": {
                            "unit": "%",
                            "top": "",
                            "right": "",
                            "bottom": "",
                            "left": "",
                            "isLinked": true
                        }
                    },
                    "elements": [
                        {
                            "id": "747b79eb",
                            "settings": {
                                "title": "FAQ",
                                "header_size": "h1",
                                "ha_advanced_tooltip_content": "I am a tooltip",
                                "pa_condition_repeater": [
                                    {
                                        "_id": "125b430"
                                    }
                                ],
                                "__globals__": {
                                    "title_color": "globals\/colors?id=0c613fd"
                                },
                                "_margin": {
                                    "unit": "px",
                                    "top": "0",
                                    "right": "0",
                                    "bottom": "20",
                                    "left": "0",
                                    "isLinked": false
                                },
                                "align": "center",
                                "_animation": "fadeInDown"
                            },
                            "elements": [],
                            "isInner": false,
                            "widgetType": "heading",
                            "elType": "widget"
                        },
                        {
                            "id": "1f5df8bd",
                            "settings": {
                                "editor": "<p>Lorem ipsum dolor sit amet, consectetur adipiscing elit. Ut elit tellus, luctus nec ullamcorper mattis, pulvinar dapibus<\/p>",
                                "ha_advanced_tooltip_content": "I am a tooltip",
                                "pa_condition_repeater": [
                                    {
                                        "_id": "5289267"
                                    }
                                ],
                                "__globals__": {
                                    "text_color": "globals\/colors?id=0c613fd"
                                },
                                "align": "center",
                                "_animation": "fadeInDown"
                            },
                            "elements": [],
                            "isInner": false,
                            "widgetType": "text-editor",
                            "elType": "widget"
                        }
                    ],
                    "isInner": false,
                    "elType": "column"
                }
            ],
            "isInner": false,
            "elType": "section"
        },
        {
            "id": "49b65648",
            "settings": {
                "gap": "wider",
                "padding": {
                    "unit": "px",
                    "top": "94",
                    "right": "0",
                    "bottom": "0",
                    "left": "0",
                    "isLinked": false
                },
                "pa_condition_repeater": [
                    {
                        "_id": "7611320"
                    }
                ],
                "structure": "20",
                "padding_tablet": {
                    "unit": "px",
                    "top": "48",
                    "right": "0",
                    "bottom": "0",
                    "left": "0",
                    "isLinked": false
                }
            },
            "elements": [
                {
                    "id": "2cc31f59",
                    "settings": {
                        "_column_size": 50,
                        "_inline_size": 33,
                        "pa_condition_repeater": [
                            {
                                "_id": "15154cf"
                            }
                        ],
                        "content_position": "center",
                        "background_background": "classic",
                        "margin": {
                            "unit": "px",
                            "top": "0",
                            "right": "0",
                            "bottom": "0",
                            "left": "0",
                            "isLinked": false
                        },
                        "__globals__": {
                            "background_color": "globals\/colors?id=0c613fd"
                        },
                        "_inline_size_tablet": 100,
                        "align_tablet": "center"
                    },
                    "elements": [
                        {
                            "id": "20ca57d7",
                            "settings": {
                                "title": "Cryptodax FAQ",
                                "header_size": "div",
                                "align": "center",
                                "_margin": {
                                    "unit": "px",
                                    "top": "0",
                                    "right": "0",
                                    "bottom": "15",
                                    "left": "0",
                                    "isLinked": false
                                },
                                "_element_width": "auto",
                                "ha_advanced_tooltip_content": "I am a tooltip",
                                "pa_condition_repeater": [
                                    {
                                        "_id": "949e379"
                                    }
                                ],
                                "__globals__": {
                                    "title_color": "globals\/colors?id=accent",
                                    "typography_typography": "globals\/typography?id=9f7c242"
                                },
                                "_animation": "fadeInDown"
                            },
                            "elements": [],
                            "isInner": false,
                            "widgetType": "heading",
                            "elType": "widget"
                        },
                        {
                            "id": "490d4c45",
                            "settings": {
                                "title": "Frequently Asked Question",
                                "align": "left",
                                "_margin": {
                                    "unit": "px",
                                    "top": "0",
                                    "right": "0",
                                    "bottom": "20",
                                    "left": "0",
                                    "isLinked": false
                                },
                                "ha_advanced_tooltip_content": "I am a tooltip",
                                "pa_condition_repeater": [
                                    {
                                        "_id": "4ccb681"
                                    }
                                ],
                                "__globals__": {
                                    "title_color": "globals\/colors?id=ff1a0b3"
                                },
                                "align_tablet": "center",
                                "_animation": "fadeInDown"
                            },
                            "elements": [],
                            "isInner": false,
                            "widgetType": "heading",
                            "elType": "widget"
                        },
                        {
                            "id": "358385a1",
                            "settings": {
                                "placeholder": "Type your questions here...",
                                "button_text": "Search",
                                "button_border_width": {
                                    "unit": "px",
                                    "top": "0",
                                    "right": "0",
                                    "bottom": "0",
                                    "left": "0",
                                    "isLinked": true
                                },
                                "ha_advanced_tooltip_content": "I am a tooltip",
                                "pa_condition_repeater": [
                                    {
                                        "_id": "92e732c"
                                    }
                                ],
                                "__globals__": {
                                    "input_background_color": "globals\/colors?id=3335a43",
                                    "input_border_color": "globals\/colors?id=3335a43",
                                    "button_background_color": "globals\/colors?id=accent",
                                    "button_text_color": "globals\/colors?id=0c613fd",
                                    "button_background_color_hover": "globals\/colors?id=921fa16",
                                    "button_text_color_hover": "globals\/colors?id=0c613fd",
                                    "input_background_color_focus": "globals\/colors?id=8465d3c"
                                }
                            },
                            "elements": [],
                            "isInner": false,
                            "widgetType": "search-form",
                            "elType": "widget"
                        }
                    ],
                    "isInner": false,
                    "elType": "column"
                },
                {
                    "id": "373c0ef4",
                    "settings": {
                        "_column_size": 50,
                        "_inline_size": 67,
                        "pa_condition_repeater": [
                            {
                                "_id": "15154cf"
                            }
                        ],
                        "content_position": "center",
                        "align": "center",
                        "margin": {
                            "unit": "px",
                            "top": "0",
                            "right": "0",
                            "bottom": "0",
                            "left": "0",
                            "isLinked": false
                        },
                        "_inline_size_tablet": 100
                    },
                    "elements": [
                        {
                            "id": "6afd57bb",
                            "settings": {
                                "pa_condition_repeater": [
                                    {
                                        "_id": "e684383"
                                    }
                                ]
                            },
                            "elements": [
                                {
                                    "id": "8086ac1",
                                    "settings": {
                                        "_column_size": 100,
                                        "_inline_size": null,
                                        "pa_condition_repeater": [
                                            {
                                                "_id": "68839f9"
                                            }
                                        ],
                                        "padding_mobile": {
                                            "unit": "px",
                                            "top": "0",
                                            "right": "0",
                                            "bottom": "0",
                                            "left": "0",
                                            "isLinked": true
                                        }
                                    },
                                    "elements": [
                                        {
                                            "id": "2fc9ecd0",
                                            "settings": {
                                                "ha_advanced_tooltip_content": "I am a tooltip",
                                                "pa_condition_repeater": [
                                                    {
                                                        "_id": "81944b8"
                                                    }
                                                ],
                                                "__globals__": {
                                                    "text_color": "globals\/colors?id=text"
                                                },
                                                "editor": "<p>Vestibulum ante ipsum primis in faucibus orci luctus et ultrices posuere cubilia Curae; Donec velit neque, auctor sit amet aliquam vel, ullamcorper sit amet ligula. Donec rutrum congue leo eget malesuada.<\/p>",
                                                "align_mobile": "center",
                                                "_animation": "fadeInDown"
                                            },
                                            "elements": [],
                                            "isInner": false,
                                            "widgetType": "text-editor",
                                            "elType": "widget"
                                        }
                                    ],
                                    "isInner": true,
                                    "elType": "column"
                                }
                            ],
                            "isInner": true,
                            "elType": "section"
                        },
                        {
                            "id": "383a3cd0",
                            "settings": {
                                "structure": "20",
                                "pa_condition_repeater": [
                                    {
                                        "_id": "6987680"
                                    }
                                ]
                            },
                            "elements": [
                                {
                                    "id": "267eda66",
                                    "settings": {
                                        "_column_size": 50,
                                        "_inline_size": null,
                                        "pa_condition_repeater": [
                                            {
                                                "_id": "85fea00"
                                            }
                                        ],
                                        "padding_mobile": {
                                            "unit": "px",
                                            "top": "0",
                                            "right": "0",
                                            "bottom": "0",
                                            "left": "0",
                                            "isLinked": true
                                        }
                                    },
                                    "elements": [
                                        {
                                            "id": "1ad54335",
                                            "settings": {
                                                "tabs": [
                                                    {
                                                        "tab_title": "Vestibulum ipsum",
                                                        "tab_content": "Lorem ipsum dolor sit amet, consectetur adipiscing elit. Ut elit tellus, luctus nec ullamcorper mattis, pulvinar dapibus leo.",
                                                        "_id": "593b803"
                                                    },
                                                    {
                                                        "tab_title": "Curabitur non nulla",
                                                        "tab_content": "Lorem ipsum dolor sit amet, consectetur adipiscing elit. Ut elit tellus, luctus nec ullamcorper mattis, pulvinar dapibus leo.",
                                                        "_id": "93508e3"
                                                    },
                                                    {
                                                        "tab_title": "Praesent sapien massa",
                                                        "tab_content": "Lorem ipsum dolor sit amet, consectetur adipiscing elit. Ut elit tellus, luctus nec ullamcorper mattis, pulvinar dapibus leo.",
                                                        "_id": "c6b73c8"
                                                    },
                                                    {
                                                        "tab_title": "Praesent sapien massa",
                                                        "tab_content": "Lorem ipsum dolor sit amet, consectetur adipiscing elit. Ut elit tellus, luctus nec ullamcorper mattis, pulvinar dapibus leo.",
                                                        "_id": "d55a993"
                                                    }
                                                ],
                                                "space_between": {
                                                    "unit": "px",
                                                    "size": 0,
                                                    "sizes": []
                                                },
                                                "icon_space": {
                                                    "unit": "px",
                                                    "size": 18,
                                                    "sizes": []
                                                },
                                                "ha_advanced_tooltip_content": "I am a tooltip",
                                                "pa_condition_repeater": [
                                                    {
                                                        "_id": "da75582"
                                                    }
                                                ],
                                                "__globals__": {
                                                    "title_background": "globals\/colors?id=a10680d",
                                                    "title_color": "globals\/colors?id=ff1a0b3",
                                                    "tab_active_color": "globals\/colors?id=secondary",
                                                    "title_typography_typography": "globals\/typography?id=86ada94",
                                                    "icon_color": "globals\/colors?id=primary",
                                                    "icon_active_color": "globals\/colors?id=secondary"
                                                },
                                                "selected_icon": {
                                                    "value": "icon icon-plus",
                                                    "library": "ekiticons"
                                                },
                                                "selected_active_icon": {
                                                    "value": "icon icon-minus",
                                                    "library": "ekiticons"
                                                },
                                                "icon_align": "right"
                                            },
                                            "elements": [],
                                            "isInner": false,
                                            "widgetType": "toggle",
                                            "elType": "widget"
                                        }
                                    ],
                                    "isInner": true,
                                    "elType": "column"
                                },
                                {
                                    "id": "56775ccf",
                                    "settings": {
                                        "_column_size": 50,
                                        "_inline_size": null,
                                        "pa_condition_repeater": [
                                            {
                                                "_id": "cadb458"
                                            }
                                        ]
                                    },
                                    "elements": [
                                        {
                                            "id": "50d66471",
                                            "settings": {
                                                "tabs": [
                                                    {
                                                        "tab_title": "Vestibulum ipsum",
                                                        "tab_content": "Lorem ipsum dolor sit amet, consectetur adipiscing elit. Ut elit tellus, luctus nec ullamcorper mattis, pulvinar dapibus leo.",
                                                        "_id": "593b803"
                                                    },
                                                    {
                                                        "tab_title": "Curabitur non nulla",
                                                        "tab_content": "Lorem ipsum dolor sit amet, consectetur adipiscing elit. Ut elit tellus, luctus nec ullamcorper mattis, pulvinar dapibus leo.",
                                                        "_id": "93508e3"
                                                    },
                                                    {
                                                        "tab_title": "Praesent sapien massa",
                                                        "tab_content": "Lorem ipsum dolor sit amet, consectetur adipiscing elit. Ut elit tellus, luctus nec ullamcorper mattis, pulvinar dapibus leo.",
                                                        "_id": "c6b73c8"
                                                    },
                                                    {
                                                        "tab_title": "Praesent sapien massa",
                                                        "tab_content": "Lorem ipsum dolor sit amet, consectetur adipiscing elit. Ut elit tellus, luctus nec ullamcorper mattis, pulvinar dapibus leo.",
                                                        "_id": "d55a993"
                                                    }
                                                ],
                                                "space_between": {
                                                    "unit": "px",
                                                    "size": 0,
                                                    "sizes": []
                                                },
                                                "icon_space": {
                                                    "unit": "px",
                                                    "size": 18,
                                                    "sizes": []
                                                },
                                                "ha_advanced_tooltip_content": "I am a tooltip",
                                                "pa_condition_repeater": [
                                                    {
                                                        "_id": "da75582"
                                                    }
                                                ],
                                                "__globals__": {
                                                    "title_background": "globals\/colors?id=a10680d",
                                                    "title_color": "globals\/colors?id=ff1a0b3",
                                                    "tab_active_color": "globals\/colors?id=secondary",
                                                    "title_typography_typography": "globals\/typography?id=86ada94",
                                                    "icon_color": "globals\/colors?id=primary",
                                                    "icon_active_color": "globals\/colors?id=secondary"
                                                },
                                                "selected_icon": {
                                                    "value": "icon icon-plus",
                                                    "library": "ekiticons"
                                                },
                                                "selected_active_icon": {
                                                    "value": "icon icon-minus",
                                                    "library": "ekiticons"
                                                },
                                                "icon_align": "right"
                                            },
                                            "elements": [],
                                            "isInner": false,
                                            "widgetType": "toggle",
                                            "elType": "widget"
                                        }
                                    ],
                                    "isInner": true,
                                    "elType": "column"
                                }
                            ],
                            "isInner": true,
                            "elType": "section"
                        }
                    ],
                    "isInner": false,
                    "elType": "column"
                }
            ],
            "isInner": false,
            "elType": "section"
        },
        {
            "id": "5cef7864",
            "settings": {
                "gap": "wider",
                "background_background": "gradient",
                "background_color_stop": {
                    "unit": "%",
                    "size": 51,
                    "sizes": []
                },
                "background_color_b_stop": {
                    "unit": "%",
                    "size": 0,
                    "sizes": []
                },
                "padding": {
                    "unit": "px",
                    "top": "94",
                    "right": "0",
                    "bottom": "0",
                    "left": "0",
                    "isLinked": false
                },
                "padding_tablet": {
                    "unit": "px",
                    "top": "48",
                    "right": "0",
                    "bottom": "0",
                    "left": "0",
                    "isLinked": false
                },
                "pa_condition_repeater": [
                    {
                        "_id": "2f8c745"
                    }
                ],
                "__globals__": {
                    "background_color": "globals\/colors?id=0c613fd",
                    "background_color_b": "globals\/colors?id=3335a43"
                }
            },
            "elements": [
                {
                    "id": "64da733c",
                    "settings": {
                        "_column_size": 100,
                        "_inline_size": null,
                        "pa_condition_repeater": [
                            {
                                "_id": "1723576"
                            }
                        ]
                    },
                    "elements": [
                        {
                            "id": "1e1ac717",
                            "settings": {
                                "slides": [
                                    {
                                        "content": "Lorem ipsum dolor sit amet, consectetur adipiscing elit. Ut elit tellus, luctus nec ullamcorper mattis, pulvinar dapibus leo.",
                                        "name": "Doe John",
                                        "title": "CEO",
                                        "image": {
                                            "url": "http:\/\/templatekit.puriwp.com\/cryptodax\/wp-content\/uploads\/sites\/12\/2022\/04\/Image-L48UZD3.jpg",
                                            "id": 946,
                                            "alt": "",
                                            "source": "library"
                                        },
                                        "_id": "5cd1d7c"
                                    },
                                    {
                                        "content": "Lorem ipsum dolor sit amet, consectetur adipiscing elit. Ut elit tellus, luctus nec ullamcorper mattis, pulvinar dapibus leo.",
                                        "name": "Verstappen",
                                        "title": "Analyst",
                                        "image": {
                                            "url": "http:\/\/templatekit.puriwp.com\/cryptodax\/wp-content\/uploads\/sites\/12\/2022\/04\/Image-KSAYUDC.jpg",
                                            "id": 945,
                                            "alt": "",
                                            "source": "library"
                                        },
                                        "_id": "a07eb03"
                                    },
                                    {
                                        "content": "Lorem ipsum dolor sit amet, consectetur adipiscing elit. Ut elit tellus, luctus nec ullamcorper mattis, pulvinar dapibus leo.",
                                        "name": "Alex Mir",
                                        "title": "CTO",
                                        "image": {
                                            "url": "http:\/\/templatekit.puriwp.com\/cryptodax\/wp-content\/uploads\/sites\/12\/2022\/04\/Image-P5R78L5.png",
                                            "id": 933,
                                            "alt": "",
                                            "source": "library"
                                        },
                                        "_id": "f710fc1"
                                    },
                                    {
                                        "content": "Lorem ipsum dolor sit amet, consectetur adipiscing elit. Ut elit tellus, luctus nec ullamcorper mattis, pulvinar dapibus leo.",
                                        "name": "Mikel",
                                        "title": "CTO",
                                        "image": {
                                            "url": "http:\/\/templatekit.puriwp.com\/cryptodax\/wp-content\/uploads\/sites\/12\/2022\/04\/Image-EMD289Q.png",
                                            "id": 934,
                                            "alt": "",
                                            "source": "library"
                                        },
                                        "_id": "8dcbae8"
                                    }
                                ],
                                "alignment": "left",
                                "slides_per_view": "4",
                                "slides_per_view_tablet": "2",
                                "width": {
                                    "unit": "%",
                                    "size": 100,
                                    "sizes": []
                                },
                                "show_arrows": "",
                                "pagination": "",
                                "slide_background_color": "#120641",
                                "content_color": "#FFFFFF",
                                "content_typography_typography": "custom",
                                "content_typography_font_family": "DM Sans",
                                "content_typography_font_size": {
                                    "unit": "px",
                                    "size": 16,
                                    "sizes": []
                                },
                                "content_typography_font_weight": "300",
                                "content_typography_font_style": "normal",
                                "content_typography_line_height": {
                                    "unit": "em",
                                    "size": 1.5,
                                    "sizes": []
                                },
                                "name_color": "#FFFFFF",
                                "name_typography_typography": "custom",
                                "name_typography_font_family": "DM Sans",
                                "name_typography_font_size": {
                                    "unit": "px",
                                    "size": 15,
                                    "sizes": []
                                },
                                "name_typography_font_weight": "600",
                                "name_typography_text_transform": "capitalize",
                                "title_color": "#FFFFFF",
                                "title_typography_typography": "custom",
                                "title_typography_font_family": "DM Sans",
                                "title_typography_font_size": {
                                    "unit": "px",
                                    "size": 12,
                                    "sizes": []
                                },
                                "title_typography_font_weight": "600",
                                "title_typography_text_transform": "uppercase",
                                "title_typography_line_height": {
                                    "unit": "em",
                                    "size": "",
                                    "sizes": []
                                },
                                "title_typography_letter_spacing": {
                                    "unit": "px",
                                    "size": 3,
                                    "sizes": []
                                },
                                "title_typography_word_spacing": {
                                    "unit": "em",
                                    "size": "",
                                    "sizes": []
                                },
                                "_margin": {
                                    "unit": "px",
                                    "top": "0",
                                    "right": "0",
                                    "bottom": "0",
                                    "left": "0",
                                    "isLinked": false
                                },
                                "ha_advanced_tooltip_content": "I am a tooltip",
                                "pa_condition_repeater": [
                                    {
                                        "_id": "8e8de9b"
                                    }
                                ],
                                "__globals__": {
                                    "content_color": "globals\/colors?id=0c613fd",
                                    "content_typography_typography": "",
                                    "name_color": "globals\/colors?id=0c613fd",
                                    "name_typography_typography": "globals\/typography?id=secondary",
                                    "title_color": "globals\/colors?id=0c613fd",
                                    "title_typography_typography": "globals\/typography?id=9f7c242",
                                    "slide_background_color": "globals\/colors?id=primary"
                                }
                            },
                            "elements": [],
                            "isInner": false,
                            "widgetType": "testimonial-carousel",
                            "elType": "widget"
                        }
                    ],
                    "isInner": false,
                    "elType": "column"
                }
            ],
            "isInner": false,
            "elType": "section"
        },
        {
            "id": "21a63907",
            "settings": {
                "gap": "wider",
                "background_background": "classic",
                "padding": {
                    "unit": "px",
                    "top": "94",
                    "right": "0",
                    "bottom": "94",
                    "left": "0",
                    "isLinked": false
                },
                "padding_tablet": {
                    "unit": "px",
                    "top": "48",
                    "right": "0",
                    "bottom": "48",
                    "left": "0",
                    "isLinked": false
                },
                "pa_condition_repeater": [
                    {
                        "_id": "46f59af"
                    }
                ],
                "__globals__": {
                    "background_color": "globals\/colors?id=3335a43"
                }
            },
            "elements": [
                {
                    "id": "60c2ed91",
                    "settings": {
                        "_column_size": 100,
                        "_inline_size": null,
                        "align_tablet": "center",
                        "pa_condition_repeater": [
                            {
                                "_id": "5e5aa4b"
                            }
                        ]
                    },
                    "elements": [
                        {
                            "id": "62fc3dc4",
                            "settings": {
                                "title": "News & Articles",
                                "header_size": "div",
                                "align": "center",
                                "_margin": {
                                    "unit": "px",
                                    "top": "0",
                                    "right": "0",
                                    "bottom": "15",
                                    "left": "0",
                                    "isLinked": false
                                },
                                "_element_width": "auto",
                                "ha_advanced_tooltip_content": "I am a tooltip",
                                "pa_condition_repeater": [
                                    {
                                        "_id": "949e379"
                                    }
                                ],
                                "__globals__": {
                                    "title_color": "globals\/colors?id=accent",
                                    "typography_typography": "globals\/typography?id=9f7c242"
                                },
                                "_animation": "fadeInDown"
                            },
                            "elements": [],
                            "isInner": false,
                            "widgetType": "heading",
                            "elType": "widget"
                        },
                        {
                            "id": "6e87ce5e",
                            "settings": {
                                "title": "From our Blog",
                                "align_tablet": "center",
                                "_margin": {
                                    "unit": "px",
                                    "top": "0",
                                    "right": "0",
                                    "bottom": "20",
                                    "left": "0",
                                    "isLinked": false
                                },
                                "ha_advanced_tooltip_content": "I am a tooltip",
                                "pa_condition_repeater": [
                                    {
                                        "_id": "5d1e96a"
                                    }
                                ],
                                "_animation": "fadeInDown"
                            },
                            "elements": [],
                            "isInner": false,
                            "widgetType": "heading",
                            "elType": "widget"
                        },
                        {
                            "id": "75c314f",
                            "settings": {
                                "classic_thumbnail_size_size": "large",
                                "classic_item_ratio": {
                                    "unit": "px",
                                    "size": 0.560000000000000053290705182007513940334320068359375,
                                    "sizes": []
                                },
                                "classic_meta_separator": "-",
                                "classic_read_more_text": "Read More",
                                "cards_meta_separator": "\u2022",
                                "cards_read_more_text": "Read More \u00bb",
                                "full_content_meta_separator": "\/\/\/",
                                "classic_row_gap": {
                                    "unit": "px",
                                    "size": 60,
                                    "sizes": []
                                },
                                "pagination_page_limit": "5",
                                "pagination_prev_label": "&laquo; Previous",
                                "pagination_next_label": "Next &raquo;",
                                "pagination_spacing_top": {
                                    "unit": "px",
                                    "size": 64,
                                    "sizes": []
                                },
                                "ha_advanced_tooltip_content": "I am a tooltip",
                                "pa_condition_repeater": [
                                    {
                                        "_id": "5d95d5a"
                                    }
                                ],
                                "__globals__": {
                                    "classic_title_color": "globals\/colors?id=primary",
                                    "classic_title_typography_typography": "globals\/typography?id=0d8e5b9",
                                    "classic_meta_color": "globals\/colors?id=primary",
                                    "classic_meta_typography_typography": "globals\/typography?id=cadddb4",
                                    "classic_excerpt_color": "globals\/colors?id=text",
                                    "classic_excerpt_typography_typography": "globals\/typography?id=text",
                                    "classic_read_more_typography_typography": "globals\/typography?id=241e537",
                                    "pagination_color": "globals\/colors?id=0c613fd",
                                    "pagination_hover_color": "globals\/colors?id=accent",
                                    "pagination_active_color": "globals\/colors?id=accent"
                                },
                                "posts_offset": "",
                                "classic_title_spacing": {
                                    "unit": "px",
                                    "size": 10,
                                    "sizes": []
                                },
                                "_margin": {
                                    "unit": "px",
                                    "top": "0",
                                    "right": "0",
                                    "bottom": "0",
                                    "left": "0",
                                    "isLinked": false
                                },
                                "classic_columns_tablet": "3",
                                "classic_posts_per_page": 3
                            },
                            "elements": [],
                            "isInner": false,
                            "widgetType": "posts",
                            "elType": "widget"
                        }
                    ],
                    "isInner": false,
                    "elType": "column"
                }
            ],
            "isInner": false,
            "elType": "section"
        },
        {
            "id": "291fa6eb",
            "settings": {
                "gap": "wider",
                "structure": "20",
                "padding": {
                    "unit": "px",
                    "top": "94",
                    "right": "0",
                    "bottom": "94",
                    "left": "0",
                    "isLinked": false
                },
                "padding_tablet": {
                    "unit": "px",
                    "top": "48",
                    "right": "0",
                    "bottom": "48",
                    "left": "0",
                    "isLinked": false
                },
                "pa_condition_repeater": [
                    {
                        "_id": "75f65aa"
                    }
                ]
            },
            "elements": [
                {
                    "id": "5b588bd7",
                    "settings": {
                        "_column_size": 50,
                        "_inline_size": 20,
                        "_inline_size_tablet": 25,
                        "content_position": "center",
                        "pa_condition_repeater": [
                            {
                                "_id": "1b514b9"
                            }
                        ]
                    },
                    "elements": [
                        {
                            "id": "539be150",
                            "settings": {
                                "title": "Clients & Partners",
                                "header_size": "h4",
                                "align_mobile": "center",
                                "ha_advanced_tooltip_content": "I am a tooltip",
                                "pa_condition_repeater": [
                                    {
                                        "_id": "a4672c6"
                                    }
                                ],
                                "_animation": "fadeInDown"
                            },
                            "elements": [],
                            "isInner": false,
                            "widgetType": "heading",
                            "elType": "widget"
                        }
                    ],
                    "isInner": false,
                    "elType": "column"
                },
                {
                    "id": "6ed63cde",
                    "settings": {
                        "_column_size": 50,
                        "_inline_size": 80,
                        "_inline_size_tablet": 75,
                        "content_position": "center",
                        "pa_condition_repeater": [
                            {
                                "_id": "b6cae7a"
                            }
                        ]
                    },
                    "elements": [
                        {
                            "id": "6435608a",
                            "settings": {
                                "carousel": [
                                    {
                                        "id": 1290,
                                        "url": "http:\/\/templatekit.puriwp.com\/cryptodax\/wp-content\/uploads\/sites\/12\/2022\/04\/Logo-1.png"
                                    },
                                    {
                                        "id": 1291,
                                        "url": "http:\/\/templatekit.puriwp.com\/cryptodax\/wp-content\/uploads\/sites\/12\/2022\/04\/Logo-2.png"
                                    },
                                    {
                                        "id": 1292,
                                        "url": "http:\/\/templatekit.puriwp.com\/cryptodax\/wp-content\/uploads\/sites\/12\/2022\/04\/Logo-3.png"
                                    },
                                    {
                                        "id": 1293,
                                        "url": "http:\/\/templatekit.puriwp.com\/cryptodax\/wp-content\/uploads\/sites\/12\/2022\/04\/Logo-4.png"
                                    },
                                    {
                                        "id": 1294,
                                        "url": "http:\/\/templatekit.puriwp.com\/cryptodax\/wp-content\/uploads\/sites\/12\/2022\/04\/Logo-5.png"
                                    },
                                    {
                                        "id": 1295,
                                        "url": "http:\/\/templatekit.puriwp.com\/cryptodax\/wp-content\/uploads\/sites\/12\/2022\/04\/Logo-6.png"
                                    },
                                    {
                                        "id": 1296,
                                        "url": "http:\/\/templatekit.puriwp.com\/cryptodax\/wp-content\/uploads\/sites\/12\/2022\/04\/Logo-7.png"
                                    },
                                    {
                                        "id": 1297,
                                        "url": "http:\/\/templatekit.puriwp.com\/cryptodax\/wp-content\/uploads\/sites\/12\/2022\/04\/Logo-8.png"
                                    }
                                ],
                                "thumbnail_size": "large",
                                "slides_to_show": "4",
                                "slides_to_show_tablet": "4",
                                "slides_to_show_mobile": "2",
                                "navigation": "none",
                                "ha_advanced_tooltip_content": "I am a tooltip",
                                "pa_condition_repeater": [
                                    {
                                        "_id": "359d387"
                                    }
                                ]
                            },
                            "elements": [],
                            "isInner": false,
                            "widgetType": "image-carousel",
                            "elType": "widget"
                        }
                    ],
                    "isInner": false,
                    "elType": "column"
                }
            ],
            "isInner": false,
            "elType": "section"
        }
    ],
    "page_settings": {
        "hide_title": "yes",
        "ha_grid_number": "",
        "ha_grid_zindex": "1000",
        "eael_ext_toc_title": "Table of Contents",
        "template": "elementor_header_footer"
    }
}