{
    "version": "0.4",
    "title": "Footer",
    "type": "footer",
    "metadata": {
        "template_type": "section-footer",
        "include_in_zip": "1",
        "elementor_pro_required": "1",
        "elementor_library_type": "footer",
        "elementor_pro_conditions": [
            "include\/general"
        ],
        "additional_template_information": [
            "This is a \"Footer\" template for Elementor Pro.",
            "This template will display on: Entire Site."
        ],
        "wp_page_template": "default"
    },
    "content": [
        {
            "id": "34863f1b",
            "settings": {
                "gap": "wider",
                "structure": "40",
                "background_background": "classic",
                "padding": {
                    "unit": "px",
                    "top": "64",
                    "right": "0",
                    "bottom": "64",
                    "left": "0",
                    "isLinked": false
                },
                "pa_condition_repeater": [
                    {
                        "_id": "a118969"
                    }
                ],
                "__globals__": {
                    "background_color": "globals\/colors?id=primary"
                },
                "padding_tablet": {
                    "unit": "px",
                    "top": "48",
                    "right": "0",
                    "bottom": "48",
                    "left": "0",
                    "isLinked": false
                }
            },
            "elements": [
                {
                    "id": "11258dea",
                    "settings": {
                        "_column_size": 25,
                        "_inline_size": 25.873999999999998777866494492627680301666259765625,
                        "pa_condition_repeater": [
                            {
                                "_id": "df09d1f"
                            }
                        ],
                        "_inline_size_tablet": 50
                    },
                    "elements": [
                        {
                            "id": "2163201b",
                            "settings": {
                                "title": "Cryptodax",
                                "header_size": "h5",
                                "ha_advanced_tooltip_content": "I am a tooltip",
                                "pa_condition_repeater": [
                                    {
                                        "_id": "042da74"
                                    }
                                ],
                                "__globals__": {
                                    "title_color": "globals\/colors?id=0c613fd"
                                },
                                "_margin": {
                                    "unit": "px",
                                    "top": "0",
                                    "right": "0",
                                    "bottom": "15",
                                    "left": "0",
                                    "isLinked": false
                                },
                                "align_mobile": "center"
                            },
                            "elements": [],
                            "isInner": false,
                            "widgetType": "heading",
                            "elType": "widget"
                        },
                        {
                            "id": "922a7f4",
                            "settings": {
                                "editor": "<p>Curabitur non nulla sit amet nisl tempus convallis quis ac lectus. Quisque velit nisi, pretium ut lacinia in, elementum id enim.\u00a0<\/p>",
                                "ha_advanced_tooltip_content": "I am a tooltip",
                                "pa_condition_repeater": [
                                    {
                                        "_id": "87ce5e9"
                                    }
                                ],
                                "__globals__": {
                                    "text_color": "globals\/colors?id=0c613fd"
                                },
                                "align_mobile": "center"
                            },
                            "elements": [],
                            "isInner": false,
                            "widgetType": "text-editor",
                            "elType": "widget"
                        },
                        {
                            "id": "696bc786",
                            "settings": {
                                "social_icon_list": [
                                    {
                                        "social_icon": {
                                            "value": "fab fa-facebook-f",
                                            "library": "fa-brands"
                                        },
                                        "_id": "e0eddb6"
                                    },
                                    {
                                        "social_icon": {
                                            "value": "fab fa-twitter",
                                            "library": "fa-brands"
                                        },
                                        "_id": "d289f7d"
                                    },
                                    {
                                        "social_icon": {
                                            "value": "fab fa-youtube",
                                            "library": "fa-brands"
                                        },
                                        "_id": "59757ad"
                                    },
                                    {
                                        "_id": "8881a26",
                                        "social_icon": {
                                            "value": "icon icon-instagram-1",
                                            "library": "ekiticons"
                                        }
                                    },
                                    {
                                        "_id": "b6b4c3e",
                                        "social_icon": {
                                            "value": "icon icon-linkedin",
                                            "library": "ekiticons"
                                        }
                                    }
                                ],
                                "shape": "circle",
                                "align": "left",
                                "icon_color": "custom",
                                "icon_size": {
                                    "unit": "px",
                                    "size": 16,
                                    "sizes": []
                                },
                                "ha_advanced_tooltip_content": "I am a tooltip",
                                "pa_condition_repeater": [
                                    {
                                        "_id": "c5d6a09"
                                    }
                                ],
                                "__globals__": {
                                    "icon_primary_color": "globals\/colors?id=a10680d",
                                    "icon_secondary_color": "globals\/colors?id=secondary",
                                    "image_border_color": "globals\/colors?id=accent",
                                    "hover_secondary_color": "globals\/colors?id=accent"
                                },
                                "align_mobile": "center",
                                "icon_spacing": {
                                    "unit": "px",
                                    "size": 0,
                                    "sizes": []
                                },
                                "image_border_width": {
                                    "unit": "px",
                                    "top": "1",
                                    "right": "1",
                                    "bottom": "1",
                                    "left": "1",
                                    "isLinked": true
                                }
                            },
                            "elements": [],
                            "isInner": false,
                            "widgetType": "social-icons",
                            "elType": "widget"
                        }
                    ],
                    "isInner": false,
                    "elType": "column"
                },
                {
                    "id": "54f48821",
                    "settings": {
                        "_column_size": 25,
                        "_inline_size": 27.574999999999999289457264239899814128875732421875,
                        "pa_condition_repeater": [
                            {
                                "_id": "07a7afe"
                            }
                        ],
                        "_inline_size_tablet": 50
                    },
                    "elements": [
                        {
                            "id": "3af5163f",
                            "settings": {
                                "title": "Contact",
                                "header_size": "h5",
                                "ha_advanced_tooltip_content": "I am a tooltip",
                                "pa_condition_repeater": [
                                    {
                                        "_id": "042da74"
                                    }
                                ],
                                "__globals__": {
                                    "title_color": "globals\/colors?id=0c613fd"
                                },
                                "_margin": {
                                    "unit": "px",
                                    "top": "0",
                                    "right": "0",
                                    "bottom": "15",
                                    "left": "0",
                                    "isLinked": false
                                },
                                "align_mobile": "center"
                            },
                            "elements": [],
                            "isInner": false,
                            "widgetType": "heading",
                            "elType": "widget"
                        },
                        {
                            "id": "467e89",
                            "settings": {
                                "icon_list": [
                                    {
                                        "text": "Address ",
                                        "selected_icon": {
                                            "value": "icon icon-map-marker",
                                            "library": "ekiticons"
                                        },
                                        "_id": "d3bba19"
                                    },
                                    {
                                        "text": "77 Fulham Street, London - UK",
                                        "selected_icon": {
                                            "value": "",
                                            "library": ""
                                        },
                                        "_id": "f74433a"
                                    }
                                ],
                                "space_between": {
                                    "unit": "px",
                                    "size": 10,
                                    "sizes": []
                                },
                                "_margin": {
                                    "unit": "px",
                                    "top": "0",
                                    "right": "0",
                                    "bottom": "20",
                                    "left": "0",
                                    "isLinked": false
                                },
                                "ha_advanced_tooltip_content": "I am a tooltip",
                                "pa_condition_repeater": [
                                    {
                                        "_id": "cb17389"
                                    }
                                ],
                                "space_between_mobile": {
                                    "unit": "px",
                                    "size": 8,
                                    "sizes": []
                                },
                                "icon_align_mobile": "center",
                                "__globals__": {
                                    "text_color": "globals\/colors?id=0c613fd",
                                    "icon_color": "globals\/colors?id=accent",
                                    "icon_color_hover": "globals\/colors?id=accent"
                                }
                            },
                            "elements": [],
                            "isInner": false,
                            "widgetType": "icon-list",
                            "elType": "widget"
                        },
                        {
                            "id": "1f0a2b5c",
                            "settings": {
                                "icon_list": [
                                    {
                                        "text": "Phone",
                                        "selected_icon": {
                                            "value": "icon icon-phone1",
                                            "library": "ekiticons"
                                        },
                                        "_id": "f74433a"
                                    },
                                    {
                                        "text": "+1 999 1234 567",
                                        "selected_icon": {
                                            "value": "",
                                            "library": ""
                                        },
                                        "_id": "7834c05"
                                    }
                                ],
                                "space_between": {
                                    "unit": "px",
                                    "size": 10,
                                    "sizes": []
                                },
                                "_margin": {
                                    "unit": "px",
                                    "top": "0",
                                    "right": "0",
                                    "bottom": "15",
                                    "left": "0",
                                    "isLinked": false
                                },
                                "ha_advanced_tooltip_content": "I am a tooltip",
                                "pa_condition_repeater": [
                                    {
                                        "_id": "cb17389"
                                    }
                                ],
                                "space_between_mobile": {
                                    "unit": "px",
                                    "size": 8,
                                    "sizes": []
                                },
                                "icon_align_mobile": "center",
                                "__globals__": {
                                    "text_color": "globals\/colors?id=0c613fd",
                                    "icon_color": "globals\/colors?id=accent",
                                    "icon_color_hover": "globals\/colors?id=accent"
                                },
                                "icon_color": "#C249FF",
                                "text_color": "#FFFFFF"
                            },
                            "elements": [],
                            "isInner": false,
                            "widgetType": "icon-list",
                            "elType": "widget"
                        }
                    ],
                    "isInner": false,
                    "elType": "column"
                },
                {
                    "id": "1287f6b2",
                    "settings": {
                        "_column_size": 25,
                        "_inline_size": 15.653999999999999914734871708787977695465087890625,
                        "pa_condition_repeater": [
                            {
                                "_id": "7446a7d"
                            }
                        ],
                        "_inline_size_tablet": 50
                    },
                    "elements": [
                        {
                            "id": "725242f8",
                            "settings": {
                                "title": "Resource",
                                "header_size": "h5",
                                "ha_advanced_tooltip_content": "I am a tooltip",
                                "pa_condition_repeater": [
                                    {
                                        "_id": "042da74"
                                    }
                                ],
                                "__globals__": {
                                    "title_color": "globals\/colors?id=0c613fd"
                                },
                                "_margin": {
                                    "unit": "px",
                                    "top": "0",
                                    "right": "0",
                                    "bottom": "15",
                                    "left": "0",
                                    "isLinked": false
                                },
                                "align_mobile": "center"
                            },
                            "elements": [],
                            "isInner": false,
                            "widgetType": "heading",
                            "elType": "widget"
                        },
                        {
                            "id": "54796a8b",
                            "settings": {
                                "icon_list": [
                                    {
                                        "text": "About",
                                        "selected_icon": {
                                            "value": "",
                                            "library": ""
                                        },
                                        "_id": "84cdb39",
                                        "link": {
                                            "url": "#",
                                            "is_external": "",
                                            "nofollow": "",
                                            "custom_attributes": ""
                                        }
                                    },
                                    {
                                        "text": "Services",
                                        "selected_icon": {
                                            "value": "",
                                            "library": ""
                                        },
                                        "link": {
                                            "url": "#",
                                            "is_external": "",
                                            "nofollow": "",
                                            "custom_attributes": ""
                                        },
                                        "_id": "e83fffc"
                                    },
                                    {
                                        "text": "Token Sale",
                                        "selected_icon": {
                                            "value": "",
                                            "library": ""
                                        },
                                        "link": {
                                            "url": "#",
                                            "is_external": "",
                                            "nofollow": "",
                                            "custom_attributes": ""
                                        },
                                        "_id": "f968fc5"
                                    },
                                    {
                                        "text": "Team",
                                        "selected_icon": {
                                            "value": "",
                                            "library": ""
                                        },
                                        "link": {
                                            "url": "#",
                                            "is_external": "",
                                            "nofollow": "",
                                            "custom_attributes": ""
                                        },
                                        "_id": "69d326f"
                                    }
                                ],
                                "space_between": {
                                    "unit": "px",
                                    "size": 12,
                                    "sizes": []
                                },
                                "_margin": {
                                    "unit": "px",
                                    "top": "0",
                                    "right": "20",
                                    "bottom": "0",
                                    "left": "0",
                                    "isLinked": false
                                },
                                "ha_advanced_tooltip_content": "I am a tooltip",
                                "pa_condition_repeater": [
                                    {
                                        "_id": "4fd67e4"
                                    }
                                ],
                                "__globals__": {
                                    "icon_typography_typography": "globals\/typography?id=text",
                                    "text_color": "globals\/colors?id=0c613fd",
                                    "text_color_hover": "globals\/colors?id=accent"
                                },
                                "icon_align_mobile": "center",
                                "_margin_mobile": {
                                    "unit": "px",
                                    "top": "0",
                                    "right": "0",
                                    "bottom": "0",
                                    "left": "0",
                                    "isLinked": false
                                }
                            },
                            "elements": [],
                            "isInner": false,
                            "widgetType": "icon-list",
                            "elType": "widget"
                        }
                    ],
                    "isInner": false,
                    "elType": "column"
                },
                {
                    "id": "4648596b",
                    "settings": {
                        "_column_size": 25,
                        "_inline_size": 30.873000000000001108446667785756289958953857421875,
                        "pa_condition_repeater": [
                            {
                                "_id": "527fd9c"
                            }
                        ],
                        "_inline_size_tablet": 50
                    },
                    "elements": [
                        {
                            "id": "575b831e",
                            "settings": {
                                "title": "Get Update",
                                "header_size": "h5",
                                "ha_advanced_tooltip_content": "I am a tooltip",
                                "pa_condition_repeater": [
                                    {
                                        "_id": "042da74"
                                    }
                                ],
                                "__globals__": {
                                    "title_color": "globals\/colors?id=0c613fd"
                                },
                                "_margin": {
                                    "unit": "px",
                                    "top": "0",
                                    "right": "0",
                                    "bottom": "15",
                                    "left": "0",
                                    "isLinked": false
                                },
                                "align_mobile": "center"
                            },
                            "elements": [],
                            "isInner": false,
                            "widgetType": "heading",
                            "elType": "widget"
                        },
                        {
                            "id": "34cd0acf",
                            "settings": {
                                "editor": "<p>Subscribe our newsletter to get updated on market situation<\/p>",
                                "ha_advanced_tooltip_content": "I am a tooltip",
                                "pa_condition_repeater": [
                                    {
                                        "_id": "87ce5e9"
                                    }
                                ],
                                "__globals__": {
                                    "text_color": "globals\/colors?id=0c613fd"
                                },
                                "align_mobile": "center"
                            },
                            "elements": [],
                            "isInner": false,
                            "widgetType": "text-editor",
                            "elType": "widget"
                        },
                        {
                            "id": "63598b0e",
                            "settings": {
                                "form_name": "New Form",
                                "form_fields": [
                                    {
                                        "custom_id": "email",
                                        "field_type": "email",
                                        "required": "true",
                                        "field_label": "Email",
                                        "placeholder": "Your email address",
                                        "_id": "66b91b3"
                                    }
                                ],
                                "show_labels": "",
                                "step_next_label": "Next",
                                "step_previous_label": "Previous",
                                "button_text": "Subscribe",
                                "email_content": "[all-fields]",
                                "email_content_2": "[all-fields]",
                                "success_message": "The form was sent successfully.",
                                "error_message": "An error occurred.",
                                "required_field_message": "This field is required.",
                                "invalid_message": "There's something wrong. The form is invalid.",
                                "field_border_width": {
                                    "unit": "px",
                                    "top": "0",
                                    "right": "0",
                                    "bottom": "0",
                                    "left": "0",
                                    "isLinked": true
                                },
                                "ha_advanced_tooltip_content": "I am a tooltip",
                                "pa_condition_repeater": [
                                    {
                                        "_id": "02d99d4"
                                    }
                                ],
                                "__globals__": {
                                    "field_background_color": "globals\/colors?id=0c613fd",
                                    "field_text_color": "globals\/colors?id=text",
                                    "field_typography_typography": "globals\/typography?id=text",
                                    "field_border_color": "globals\/colors?id=text"
                                },
                                "input_size": "md",
                                "button_size": "md"
                            },
                            "elements": [],
                            "isInner": false,
                            "widgetType": "form",
                            "elType": "widget"
                        }
                    ],
                    "isInner": false,
                    "elType": "column"
                }
            ],
            "isInner": false,
            "elType": "section"
        },
        {
            "id": "13e47fa0",
            "settings": {
                "structure": "20",
                "background_background": "classic",
                "padding": {
                    "unit": "px",
                    "top": "32",
                    "right": "0",
                    "bottom": "32",
                    "left": "0",
                    "isLinked": false
                },
                "pa_condition_repeater": [
                    {
                        "_id": "90c60f6"
                    }
                ],
                "__globals__": {
                    "background_color": "globals\/colors?id=1bb216a"
                },
                "padding_tablet": {
                    "unit": "px",
                    "top": "24",
                    "right": "0",
                    "bottom": "24",
                    "left": "0",
                    "isLinked": false
                }
            },
            "elements": [
                {
                    "id": "3e0654f5",
                    "settings": {
                        "_column_size": 50,
                        "_inline_size": null,
                        "content_position": "center",
                        "pa_condition_repeater": [
                            {
                                "_id": "652a514"
                            }
                        ]
                    },
                    "elements": [
                        {
                            "id": "50da67ba",
                            "settings": {
                                "title": "Copyright \u00a9 2022, Puriwp.com",
                                "header_size": "div",
                                "ha_advanced_tooltip_content": "I am a tooltip",
                                "pa_condition_repeater": [
                                    {
                                        "_id": "bed4488"
                                    }
                                ],
                                "__globals__": {
                                    "title_color": "globals\/colors?id=0c613fd",
                                    "typography_typography": "globals\/typography?id=cadddb4"
                                },
                                "align_mobile": "center"
                            },
                            "elements": [],
                            "isInner": false,
                            "widgetType": "heading",
                            "elType": "widget"
                        }
                    ],
                    "isInner": false,
                    "elType": "column"
                },
                {
                    "id": "50e5287f",
                    "settings": {
                        "_column_size": 50,
                        "_inline_size": null,
                        "align": "flex-end",
                        "pa_condition_repeater": [
                            {
                                "_id": "45ef8b3"
                            }
                        ]
                    },
                    "elements": [
                        {
                            "id": "277af9c1",
                            "settings": {
                                "icon_list": [
                                    {
                                        "text": "Github",
                                        "selected_icon": {
                                            "value": "",
                                            "library": ""
                                        },
                                        "_id": "84cdb39",
                                        "link": {
                                            "url": "#",
                                            "is_external": "",
                                            "nofollow": "",
                                            "custom_attributes": ""
                                        }
                                    },
                                    {
                                        "text": "Forum",
                                        "selected_icon": {
                                            "value": "",
                                            "library": ""
                                        },
                                        "link": {
                                            "url": "#",
                                            "is_external": "",
                                            "nofollow": "",
                                            "custom_attributes": ""
                                        },
                                        "_id": "e83fffc"
                                    },
                                    {
                                        "text": "Help Desk",
                                        "selected_icon": {
                                            "value": "",
                                            "library": ""
                                        },
                                        "link": {
                                            "url": "#",
                                            "is_external": "",
                                            "nofollow": "",
                                            "custom_attributes": ""
                                        },
                                        "_id": "f968fc5"
                                    },
                                    {
                                        "text": "Knowledge Base",
                                        "selected_icon": {
                                            "value": "",
                                            "library": ""
                                        },
                                        "link": {
                                            "url": "#",
                                            "is_external": "",
                                            "nofollow": "",
                                            "custom_attributes": ""
                                        },
                                        "_id": "69d326f"
                                    }
                                ],
                                "space_between": {
                                    "unit": "px",
                                    "size": 20,
                                    "sizes": []
                                },
                                "_margin": {
                                    "unit": "px",
                                    "top": "0",
                                    "right": "20",
                                    "bottom": "0",
                                    "left": "0",
                                    "isLinked": false
                                },
                                "ha_advanced_tooltip_content": "I am a tooltip",
                                "pa_condition_repeater": [
                                    {
                                        "_id": "4fd67e4"
                                    }
                                ],
                                "__globals__": {
                                    "icon_typography_typography": "globals\/typography?id=cadddb4",
                                    "text_color": "globals\/colors?id=0c613fd",
                                    "text_color_hover": "globals\/colors?id=0c613fd"
                                },
                                "icon_align_mobile": "center",
                                "view": "inline",
                                "icon_align": "right",
                                "divider": "yes",
                                "divider_height": {
                                    "unit": "%",
                                    "size": 26,
                                    "sizes": []
                                }
                            },
                            "elements": [],
                            "isInner": false,
                            "widgetType": "icon-list",
                            "elType": "widget"
                        }
                    ],
                    "isInner": false,
                    "elType": "column"
                }
            ],
            "isInner": false,
            "elType": "section"
        }
    ],
    "page_settings": {
        "ha_grid_number": "",
        "ha_grid_zindex": "1000"
    }
}