{
    "version": "0.4",
    "title": "Global Kit Styles",
    "type": "section",
    "metadata": {
        "template_type": "global-styles",
        "include_in_zip": "1",
        "elementor_pro_required": "1",
        "additional_template_information": [
            "These are the global theme styles configured through the Elementor Theme Styles area."
        ],
        "wp_page_template": "default"
    },
    "content": [],
    "page_settings": {
        "system_colors": [
            {
                "_id": "primary",
                "title": "Primary",
                "color": "#120641"
            },
            {
                "_id": "secondary",
                "title": "Secondary",
                "color": "#3D307F"
            },
            {
                "_id": "text",
                "title": "Text",
                "color": "#555555"
            },
            {
                "_id": "accent",
                "title": "Accent",
                "color": "#C249FF"
            }
        ],
        "custom_colors": [
            {
                "_id": "ff1a0b3",
                "title": "Heading",
                "color": "#120641"
            },
            {
                "_id": "1bb216a",
                "title": "Background",
                "color": "#0C042C"
            },
            {
                "_id": "3335a43",
                "title": "Background Section",
                "color": "#F5F5F5"
            },
            {
                "_id": "0c613fd",
                "title": "White",
                "color": "#FFFFFF"
            },
            {
                "_id": "c5e043a",
                "title": "Black",
                "color": "#000000"
            },
            {
                "_id": "a10680d",
                "title": "Transparant",
                "color": "#00000000"
            },
            {
                "_id": "8465d3c",
                "title": "Light Border",
                "color": "#ECE6E6"
            },
            {
                "_id": "921fa16",
                "title": "Hover Color",
                "color": "#9D37CE"
            },
            {
                "_id": "507d7c1",
                "title": "Border",
                "color": "#272147"
            },
            {
                "_id": "7eaaf6f",
                "title": "Subtitle Color",
                "color": "#FF7D90"
            }
        ],
        "system_typography": [
            {
                "_id": "primary",
                "title": "Label",
                "typography_typography": "custom",
                "typography_font_family": "DM Sans",
                "typography_font_weight": "400",
                "typography_font_size": {
                    "unit": "px",
                    "size": 15,
                    "sizes": []
                },
                "typography_line_height": {
                    "unit": "em",
                    "size": "",
                    "sizes": []
                }
            },
            {
                "_id": "secondary",
                "title": "Nav Menu",
                "typography_typography": "custom",
                "typography_font_family": "DM Sans",
                "typography_font_weight": "600",
                "typography_font_size": {
                    "unit": "px",
                    "size": 15,
                    "sizes": []
                },
                "typography_text_transform": "capitalize"
            },
            {
                "_id": "text",
                "title": "Text",
                "typography_typography": "custom",
                "typography_font_family": "DM Sans",
                "typography_font_weight": "300",
                "typography_font_size": {
                    "unit": "px",
                    "size": 16,
                    "sizes": []
                },
                "typography_line_height": {
                    "unit": "em",
                    "size": 1.5,
                    "sizes": []
                }
            },
            {
                "_id": "accent",
                "title": "Accent",
                "typography_typography": "custom",
                "typography_font_family": "DM Sans",
                "typography_font_weight": "500",
                "typography_font_size": {
                    "unit": "px",
                    "size": 15,
                    "sizes": []
                }
            }
        ],
        "custom_typography": [
            {
                "_id": "b2b3194",
                "title": "Heading 1",
                "typography_typography": "custom",
                "typography_font_family": "DM Sans",
                "typography_font_size": {
                    "unit": "px",
                    "size": 68,
                    "sizes": []
                },
                "typography_font_weight": "700",
                "typography_text_transform": "capitalize",
                "typography_line_height": {
                    "unit": "em",
                    "size": 1,
                    "sizes": []
                },
                "typography_font_size_mobile": {
                    "unit": "px",
                    "size": 54,
                    "sizes": []
                }
            },
            {
                "_id": "0f7fe67",
                "title": "Heading 2",
                "typography_typography": "custom",
                "typography_font_family": "DM Sans",
                "typography_font_size": {
                    "unit": "px",
                    "size": 50,
                    "sizes": []
                },
                "typography_font_weight": "700",
                "typography_text_transform": "capitalize",
                "typography_line_height": {
                    "unit": "em",
                    "size": 1.100000000000000088817841970012523233890533447265625,
                    "sizes": []
                },
                "typography_font_size_mobile": {
                    "unit": "px",
                    "size": 40,
                    "sizes": []
                }
            },
            {
                "_id": "e8d726a",
                "title": "Heading 3",
                "typography_typography": "custom",
                "typography_font_family": "DM Sans",
                "typography_font_size": {
                    "unit": "px",
                    "size": 30,
                    "sizes": []
                },
                "typography_font_weight": "700",
                "typography_text_transform": "capitalize",
                "typography_line_height": {
                    "unit": "em",
                    "size": 1.1999999999999999555910790149937383830547332763671875,
                    "sizes": []
                },
                "typography_font_size_mobile": {
                    "unit": "px",
                    "size": 30,
                    "sizes": []
                }
            },
            {
                "_id": "2a17f79",
                "title": "Heading 4",
                "typography_typography": "custom",
                "typography_font_family": "DM Sans",
                "typography_font_size": {
                    "unit": "px",
                    "size": 24,
                    "sizes": []
                },
                "typography_font_weight": "700",
                "typography_text_transform": "capitalize",
                "typography_line_height": {
                    "unit": "em",
                    "size": 1.3000000000000000444089209850062616169452667236328125,
                    "sizes": []
                },
                "typography_font_size_mobile": {
                    "unit": "px",
                    "size": 21,
                    "sizes": []
                }
            },
            {
                "_id": "0d8e5b9",
                "title": "Heading 5",
                "typography_typography": "custom",
                "typography_font_family": "DM Sans",
                "typography_font_size": {
                    "unit": "px",
                    "size": 21,
                    "sizes": []
                },
                "typography_font_weight": "700",
                "typography_text_transform": "capitalize",
                "typography_line_height": {
                    "unit": "em",
                    "size": 1.399999999999999911182158029987476766109466552734375,
                    "sizes": []
                },
                "typography_font_size_mobile": {
                    "unit": "px",
                    "size": 21,
                    "sizes": []
                }
            },
            {
                "_id": "86ada94",
                "title": "Heading 6",
                "typography_typography": "custom",
                "typography_font_family": "DM Sans",
                "typography_font_size": {
                    "unit": "px",
                    "size": 16,
                    "sizes": []
                },
                "typography_font_weight": "700",
                "typography_text_transform": "capitalize",
                "typography_line_height": {
                    "unit": "em",
                    "size": 1.5,
                    "sizes": []
                }
            },
            {
                "_id": "9f7c242",
                "title": "Subtitlle",
                "typography_typography": "custom",
                "typography_font_family": "DM Sans",
                "typography_font_size": {
                    "unit": "px",
                    "size": 12,
                    "sizes": []
                },
                "typography_font_weight": "600",
                "typography_text_transform": "uppercase",
                "typography_letter_spacing": {
                    "unit": "px",
                    "size": 3,
                    "sizes": []
                }
            },
            {
                "_id": "d6a2a99",
                "title": "Quote Text",
                "typography_typography": "custom",
                "typography_font_family": "DM Sans",
                "typography_font_size": {
                    "unit": "px",
                    "size": 21,
                    "sizes": []
                },
                "typography_font_weight": "300"
            },
            {
                "_id": "4d455c0",
                "title": "Counter Text",
                "typography_typography": "custom",
                "typography_font_family": "DM Sans",
                "typography_font_size": {
                    "unit": "px",
                    "size": 50,
                    "sizes": []
                },
                "typography_font_weight": "300",
                "typography_line_height": {
                    "unit": "em",
                    "size": 1.3000000000000000444089209850062616169452667236328125,
                    "sizes": []
                },
                "typography_font_size_mobile": {
                    "unit": "px",
                    "size": 40,
                    "sizes": []
                }
            },
            {
                "_id": "241e537",
                "title": "Button Text",
                "typography_typography": "custom",
                "typography_font_family": "DM Sans",
                "typography_font_size": {
                    "unit": "px",
                    "size": 14,
                    "sizes": []
                },
                "typography_font_weight": "700",
                "typography_text_transform": "capitalize"
            },
            {
                "_id": "cadddb4",
                "title": "Small Text",
                "typography_typography": "custom",
                "typography_font_family": "DM Sans",
                "typography_font_size": {
                    "unit": "px",
                    "size": 12,
                    "sizes": []
                },
                "typography_font_weight": "400"
            },
            {
                "_id": "574c957",
                "title": "Big Text",
                "typography_typography": "custom",
                "typography_font_family": "DM Sans",
                "typography_font_size": {
                    "unit": "px",
                    "size": 140,
                    "sizes": []
                },
                "typography_font_weight": "700",
                "typography_text_transform": "capitalize",
                "typography_line_height": {
                    "unit": "em",
                    "size": 1.100000000000000088817841970012523233890533447265625,
                    "sizes": []
                }
            }
        ],
        "default_generic_fonts": "Sans-serif",
        "container_width": {
            "unit": "px",
            "size": 1200,
            "sizes": []
        },
        "space_between_widgets": {
            "unit": "px",
            "size": 0,
            "sizes": []
        },
        "page_title_selector": "h1.entry-title",
        "default_page_template": "elementor_header_footer",
        "activeItemIndex": 1,
        "__globals__": {
            "body_color": "globals\/colors?id=text",
            "body_typography_typography": "globals\/typography?id=text",
            "link_normal_color": "globals\/colors?id=accent",
            "link_normal_typography_typography": "globals\/typography?id=accent",
            "h1_color": "globals\/colors?id=ff1a0b3",
            "h6_color": "globals\/colors?id=ff1a0b3",
            "h5_color": "globals\/colors?id=ff1a0b3",
            "h4_color": "globals\/colors?id=ff1a0b3",
            "h1_typography_typography": "globals\/typography?id=b2b3194",
            "h2_typography_typography": "globals\/typography?id=0f7fe67",
            "h2_color": "globals\/colors?id=ff1a0b3",
            "h3_color": "globals\/colors?id=ff1a0b3",
            "h3_typography_typography": "globals\/typography?id=e8d726a",
            "h4_typography_typography": "globals\/typography?id=2a17f79",
            "h5_typography_typography": "globals\/typography?id=0d8e5b9",
            "h6_typography_typography": "globals\/typography?id=86ada94",
            "button_typography_typography": "globals\/typography?id=241e537",
            "button_background_color": "globals\/colors?id=accent",
            "button_text_color": "globals\/colors?id=0c613fd",
            "button_hover_background_color": "globals\/colors?id=921fa16",
            "button_hover_text_color": "globals\/colors?id=0c613fd"
        },
        "viewport_md": 768,
        "viewport_lg": 1025,
        "hello_footer_copyright_text": "All rights reserved"
    }
}