{
    "version": "0.4",
    "title": "Header",
    "type": "header",
    "metadata": {
        "template_type": "section-header",
        "include_in_zip": "1",
        "elementor_pro_required": "1",
        "elementor_library_type": "header",
        "elementor_pro_conditions": [
            "include\/general"
        ],
        "additional_template_information": [
            "This is a \"Header\" template for Elementor Pro.",
            "This template will display on: Entire Site."
        ],
        "wp_page_template": "default"
    },
    "content": [
        {
            "id": "2557414e",
            "settings": {
                "gap": "wider",
                "structure": "30",
                "pa_condition_repeater": [
                    {
                        "_id": "e9fc742"
                    }
                ],
                "background_background": "classic",
                "__globals__": {
                    "background_color": "globals\/colors?id=primary",
                    "border_color": "globals\/colors?id=8465d3c"
                },
                "border_width": {
                    "unit": "px",
                    "top": "0",
                    "right": "0",
                    "bottom": "1",
                    "left": "0",
                    "isLinked": false
                }
            },
            "elements": [
                {
                    "id": "7b67abb7",
                    "settings": {
                        "_column_size": 33,
                        "_inline_size": 17.9729999999999989768184605054557323455810546875,
                        "content_position": "center",
                        "pa_condition_repeater": [
                            {
                                "_id": "ee0342b"
                            }
                        ],
                        "z_index": 999,
                        "_inline_size_tablet": 25,
                        "_inline_size_mobile": 60,
                        "border_width": {
                            "unit": "px",
                            "top": "0",
                            "right": "0",
                            "bottom": "1",
                            "left": "0",
                            "isLinked": false
                        },
                        "__globals__": {
                            "border_color": "globals\/colors?id=accent"
                        }
                    },
                    "elements": [
                        {
                            "id": "2f21f3b3",
                            "settings": {
                                "title": "Cryptodax",
                                "header_size": "h4",
                                "ha_advanced_tooltip_content": "I am a tooltip",
                                "pa_condition_repeater": [
                                    {
                                        "_id": "eb27c8f"
                                    }
                                ],
                                "__globals__": {
                                    "title_color": "globals\/colors?id=0c613fd"
                                }
                            },
                            "elements": [],
                            "isInner": false,
                            "widgetType": "heading",
                            "elType": "widget"
                        }
                    ],
                    "isInner": false,
                    "elType": "column"
                },
                {
                    "id": "779e0f06",
                    "settings": {
                        "_column_size": 33,
                        "_inline_size": 52.49600000000000221689333557151257991790771484375,
                        "pa_condition_repeater": [
                            {
                                "_id": "c9fbb91"
                            }
                        ],
                        "content_position": "center",
                        "align": "flex-end",
                        "z_index": 999,
                        "_inline_size_tablet": 25,
                        "_inline_size_mobile": 40,
                        "content_position_tablet": "center",
                        "align_tablet": "flex-end",
                        "border_width": {
                            "unit": "px",
                            "top": "0",
                            "right": "0",
                            "bottom": "1",
                            "left": "0",
                            "isLinked": false
                        },
                        "padding_tablet": {
                            "unit": "px",
                            "top": "0",
                            "right": "0",
                            "bottom": "0",
                            "left": "0",
                            "isLinked": false
                        },
                        "__globals__": {
                            "border_color": "globals\/colors?id=accent"
                        }
                    },
                    "elements": [
                        {
                            "id": "1abc56fc",
                            "settings": {
                                "align_items": "center",
                                "full_width": "stretch",
                                "menu_space_between": {
                                    "unit": "px",
                                    "size": 32,
                                    "sizes": []
                                },
                                "ha_advanced_tooltip_content": "I am a tooltip",
                                "pa_condition_repeater": [
                                    {
                                        "_id": "38e21f6"
                                    }
                                ],
                                "__globals__": {
                                    "menu_typography_typography": "globals\/typography?id=secondary",
                                    "color_menu_item": "globals\/colors?id=0c613fd",
                                    "pointer_color_menu_item_hover": "globals\/colors?id=accent",
                                    "toggle_color": "globals\/colors?id=0c613fd",
                                    "background_color_dropdown_item": "globals\/colors?id=0c613fd",
                                    "background_color_dropdown_item_hover": "globals\/colors?id=secondary",
                                    "color_dropdown_item_hover": "globals\/colors?id=0c613fd",
                                    "dropdown_divider_color": "globals\/colors?id=secondary",
                                    "color_menu_item_hover": "globals\/colors?id=accent",
                                    "pointer_color_menu_item_active": "globals\/colors?id=a10680d",
                                    "color_menu_item_active": "globals\/colors?id=accent",
                                    "dropdown_typography_typography": "globals\/typography?id=secondary"
                                },
                                "pointer": "none",
                                "indicator": "chevron",
                                "pointer_width": {
                                    "unit": "px",
                                    "size": 1,
                                    "sizes": []
                                },
                                "padding_horizontal_menu_item": {
                                    "unit": "px",
                                    "size": 0,
                                    "sizes": []
                                },
                                "toggle_size_tablet": {
                                    "unit": "px",
                                    "size": 25,
                                    "sizes": []
                                },
                                "_element_width_tablet": "auto",
                                "dropdown_box_shadow_box_shadow_type": "yes",
                                "dropdown_box_shadow_box_shadow": {
                                    "horizontal": 0,
                                    "vertical": 10,
                                    "blur": 25,
                                    "spread": 0,
                                    "color": "rgba(0, 0, 0, 0.25)"
                                },
                                "dropdown_divider_width": {
                                    "unit": "px",
                                    "size": 11,
                                    "sizes": []
                                }
                            },
                            "elements": [],
                            "isInner": false,
                            "widgetType": "nav-menu",
                            "elType": "widget"
                        }
                    ],
                    "isInner": false,
                    "elType": "column"
                },
                {
                    "id": "8d0148d",
                    "settings": {
                        "_column_size": 33,
                        "_inline_size": 28.864000000000000767386154620908200740814208984375,
                        "pa_condition_repeater": [
                            {
                                "_id": "ffc58aa"
                            }
                        ],
                        "align": "center",
                        "content_position": "center",
                        "z_index": 999,
                        "_inline_size_tablet": 50,
                        "align_tablet": "flex-end",
                        "border_width": {
                            "unit": "px",
                            "top": "0",
                            "right": "0",
                            "bottom": "1",
                            "left": "0",
                            "isLinked": false
                        },
                        "border_radius": {
                            "unit": "px",
                            "top": "0",
                            "right": "0",
                            "bottom": "0",
                            "left": "0",
                            "isLinked": false
                        },
                        "hide_mobile": "hidden-mobile",
                        "__globals__": {
                            "border_color": "globals\/colors?id=accent"
                        }
                    },
                    "elements": [
                        {
                            "id": "3f3dfc05",
                            "settings": {
                                "text": "Get Started",
                                "_element_width": "auto",
                                "ha_advanced_tooltip_content": "I am a tooltip",
                                "pa_condition_repeater": [
                                    {
                                        "_id": "4d82f0b"
                                    }
                                ],
                                "size": "xs",
                                "__globals__": {
                                    "background_color": "globals\/colors?id=accent",
                                    "button_text_color": "globals\/colors?id=0c613fd",
                                    "button_background_hover_color": "globals\/colors?id=921fa16"
                                }
                            },
                            "elements": [],
                            "isInner": false,
                            "widgetType": "button",
                            "elType": "widget"
                        },
                        {
                            "id": "38143992",
                            "settings": {
                                "text": "Login",
                                "size": "xs",
                                "text_padding": {
                                    "unit": "px",
                                    "top": "0",
                                    "right": "0",
                                    "bottom": "0",
                                    "left": "0",
                                    "isLinked": true
                                },
                                "_element_width": "auto",
                                "ha_advanced_tooltip_content": "I am a tooltip",
                                "pa_condition_repeater": [
                                    {
                                        "_id": "4d82f0b"
                                    }
                                ],
                                "__globals__": {
                                    "background_color": "globals\/colors?id=a10680d",
                                    "button_text_color": "globals\/colors?id=0c613fd"
                                },
                                "_margin": {
                                    "unit": "px",
                                    "top": "0",
                                    "right": "0",
                                    "bottom": "0",
                                    "left": "10",
                                    "isLinked": false
                                },
                                "_element_vertical_align": "center"
                            },
                            "elements": [],
                            "isInner": false,
                            "widgetType": "button",
                            "elType": "widget"
                        },
                        {
                            "id": "6a7c76d6",
                            "settings": {
                                "skin": "full_screen",
                                "placeholder": "Search...",
                                "button_text": "Search",
                                "toggle_align": "right",
                                "toggle_size": {
                                    "unit": "px",
                                    "size": 26,
                                    "sizes": []
                                },
                                "toggle_icon_size": {
                                    "unit": "px",
                                    "size": 45,
                                    "sizes": []
                                },
                                "_margin": {
                                    "unit": "px",
                                    "top": "0",
                                    "right": "0",
                                    "bottom": "0",
                                    "left": "10",
                                    "isLinked": false
                                },
                                "_element_width": "auto",
                                "_element_vertical_align": "center",
                                "ha_advanced_tooltip_content": "I am a tooltip",
                                "pa_condition_repeater": [
                                    {
                                        "_id": "d07c416"
                                    }
                                ],
                                "__globals__": {
                                    "toggle_color": "globals\/colors?id=0c613fd",
                                    "toggle_background_color": "globals\/colors?id=a10680d"
                                }
                            },
                            "elements": [],
                            "isInner": false,
                            "widgetType": "search-form",
                            "elType": "widget"
                        }
                    ],
                    "isInner": false,
                    "elType": "column"
                }
            ],
            "isInner": false,
            "elType": "section"
        }
    ],
    "page_settings": {
        "ha_grid_number": "",
        "ha_grid_zindex": "1000"
    }
}