{
    "version": "0.4",
    "title": "Single Post",
    "type": "single-post",
    "metadata": {
        "template_type": "single-post",
        "include_in_zip": "1",
        "elementor_pro_required": "1",
        "elementor_library_type": "single-post",
        "elementor_pro_conditions": [
            "include\/singular\/post"
        ],
        "additional_template_information": [
            "This is a \"Single Post\" template for Elementor Pro.",
            "This template will display on: Posts."
        ],
        "wp_page_template": "default"
    },
    "content": [
        {
            "id": "5614fea2",
            "settings": {
                "pa_condition_repeater": [
                    {
                        "_id": "3f44147"
                    }
                ],
                "structure": "20",
                "padding": {
                    "unit": "px",
                    "top": "64",
                    "right": "0",
                    "bottom": "64",
                    "left": "0",
                    "isLinked": false
                },
                "padding_tablet": {
                    "unit": "px",
                    "top": "48",
                    "right": "0",
                    "bottom": "48",
                    "left": "0",
                    "isLinked": false
                }
            },
            "elements": [
                {
                    "id": "1fdcf201",
                    "settings": {
                        "_column_size": 50,
                        "_inline_size": 64.905000000000001136868377216160297393798828125,
                        "pa_condition_repeater": [
                            {
                                "_id": "9694d86"
                            }
                        ],
                        "_inline_size_tablet": 60
                    },
                    "elements": [
                        {
                            "id": "6fed9998",
                            "settings": {
                                "gap": "wider",
                                "pa_condition_repeater": [
                                    {
                                        "_id": "b89b30a"
                                    }
                                ]
                            },
                            "elements": [
                                {
                                    "id": "7cb63974",
                                    "settings": {
                                        "_column_size": 100,
                                        "_inline_size": null,
                                        "padding_tablet": {
                                            "unit": "px",
                                            "top": "0",
                                            "right": "0",
                                            "bottom": "0",
                                            "left": "0",
                                            "isLinked": true
                                        },
                                        "pa_condition_repeater": [
                                            {
                                                "_id": "43c8118"
                                            }
                                        ]
                                    },
                                    "elements": [
                                        {
                                            "id": "53ee7596",
                                            "settings": {
                                                "__dynamic__": {
                                                    "title": "[elementor-tag id=\"\" name=\"post-title\" settings=\"%7B%22before%22%3A%22%22%2C%22after%22%3A%22%22%2C%22fallback%22%3A%22%22%7D\"]"
                                                },
                                                "title": "Add Your Heading Text Here",
                                                "header_size": "h2",
                                                "_margin": {
                                                    "unit": "px",
                                                    "top": "0",
                                                    "right": "0",
                                                    "bottom": "15",
                                                    "left": "0",
                                                    "isLinked": false
                                                },
                                                "ha_advanced_tooltip_content": "I am a tooltip",
                                                "pa_condition_repeater": [
                                                    {
                                                        "_id": "264a68d"
                                                    }
                                                ]
                                            },
                                            "elements": [],
                                            "isInner": false,
                                            "widgetType": "theme-post-title",
                                            "elType": "widget"
                                        },
                                        {
                                            "id": "6a353ce6",
                                            "settings": {
                                                "__dynamic__": {
                                                    "excerpt": "[elementor-tag id=\"\" name=\"post-excerpt\" settings=\"%7B%22before%22%3A%22%22%2C%22after%22%3A%22%22%2C%22fallback%22%3A%22%22%7D\"]"
                                                },
                                                "ha_advanced_tooltip_content": "I am a tooltip",
                                                "pa_condition_repeater": [
                                                    {
                                                        "_id": "e027878"
                                                    }
                                                ],
                                                "_margin": {
                                                    "unit": "px",
                                                    "top": "0",
                                                    "right": "0",
                                                    "bottom": "15",
                                                    "left": "0",
                                                    "isLinked": false
                                                }
                                            },
                                            "elements": [],
                                            "isInner": false,
                                            "widgetType": "theme-post-excerpt",
                                            "elType": "widget"
                                        },
                                        {
                                            "id": "2349a699",
                                            "settings": {
                                                "icon_list": [
                                                    {
                                                        "type": "author",
                                                        "selected_icon": {
                                                            "value": "far fa-user-circle",
                                                            "library": "fa-regular"
                                                        },
                                                        "_id": "0f82e59",
                                                        "custom_date_format": "F j, Y",
                                                        "custom_time_format": "g:i a"
                                                    },
                                                    {
                                                        "selected_icon": {
                                                            "value": "fas fa-calendar",
                                                            "library": "fa-solid"
                                                        },
                                                        "_id": "ec17d0c",
                                                        "custom_date_format": "F j, Y",
                                                        "custom_time_format": "g:i a",
                                                        "link": "",
                                                        "show_icon": "none"
                                                    },
                                                    {
                                                        "type": "terms",
                                                        "selected_icon": {
                                                            "value": "fas fa-calendar",
                                                            "library": "fa-solid"
                                                        },
                                                        "custom_date_format": "F j, Y",
                                                        "custom_time_format": "g:i a",
                                                        "taxonomy": "category",
                                                        "show_icon": "none",
                                                        "_id": "593ffc5"
                                                    }
                                                ],
                                                "space_between": {
                                                    "unit": "px",
                                                    "size": 12,
                                                    "sizes": []
                                                },
                                                "divider": "yes",
                                                "divider_style": "dotted",
                                                "divider_weight": {
                                                    "unit": "px",
                                                    "size": 4,
                                                    "sizes": []
                                                },
                                                "divider_height": {
                                                    "unit": "%",
                                                    "size": 13,
                                                    "sizes": []
                                                },
                                                "_margin": {
                                                    "unit": "px",
                                                    "top": "0",
                                                    "right": "0",
                                                    "bottom": "20",
                                                    "left": "0",
                                                    "isLinked": false
                                                },
                                                "ha_advanced_tooltip_content": "I am a tooltip",
                                                "pa_condition_repeater": [
                                                    {
                                                        "_id": "1ca5890"
                                                    }
                                                ],
                                                "__globals__": {
                                                    "icon_typography_typography": "globals\/typography?id=cadddb4",
                                                    "text_color": "globals\/colors?id=text",
                                                    "icon_color": "globals\/colors?id=text",
                                                    "divider_color": "globals\/colors?id=text"
                                                }
                                            },
                                            "elements": [],
                                            "isInner": false,
                                            "widgetType": "post-info",
                                            "elType": "widget"
                                        },
                                        {
                                            "id": "66c53a56",
                                            "settings": {
                                                "share_buttons": [
                                                    {
                                                        "_id": "a342493"
                                                    },
                                                    {
                                                        "button": "twitter",
                                                        "_id": "065b80a"
                                                    },
                                                    {
                                                        "button": "telegram",
                                                        "_id": "1759657"
                                                    },
                                                    {
                                                        "_id": "cda4e44",
                                                        "button": "linkedin"
                                                    }
                                                ],
                                                "skin": "framed",
                                                "alignment": "left",
                                                "row_gap": {
                                                    "unit": "px",
                                                    "size": 6,
                                                    "sizes": []
                                                },
                                                "button_size": {
                                                    "unit": "px",
                                                    "size": 0.84999999999999997779553950749686919152736663818359375,
                                                    "sizes": []
                                                },
                                                "icon_size": {
                                                    "unit": "em",
                                                    "size": 2,
                                                    "sizes": []
                                                },
                                                "_margin": {
                                                    "unit": "px",
                                                    "top": "0",
                                                    "right": "0",
                                                    "bottom": "20",
                                                    "left": "0",
                                                    "isLinked": false
                                                },
                                                "ha_advanced_tooltip_content": "I am a tooltip",
                                                "pa_condition_repeater": [
                                                    {
                                                        "_id": "dd3a135"
                                                    }
                                                ],
                                                "__globals__": {
                                                    "typography_typography": "globals\/typography?id=241e537",
                                                    "primary_color": "globals\/colors?id=primary"
                                                },
                                                "columns_mobile": "0",
                                                "alignment_mobile": "left",
                                                "border_size": {
                                                    "unit": "px",
                                                    "size": 1,
                                                    "sizes": []
                                                }
                                            },
                                            "elements": [],
                                            "isInner": false,
                                            "widgetType": "share-buttons",
                                            "elType": "widget"
                                        },
                                        {
                                            "id": "5a46865f",
                                            "settings": {
                                                "__dynamic__": {
                                                    "image": "[elementor-tag id=\"\" name=\"post-featured-image\" settings=\"%7B%22fallback%22%3A%7B%22url%22%3A%22%22%2C%22id%22%3A%22%22%7D%7D\"]"
                                                },
                                                "_margin": {
                                                    "unit": "px",
                                                    "top": "0",
                                                    "right": "0",
                                                    "bottom": "20",
                                                    "left": "0",
                                                    "isLinked": false
                                                },
                                                "ha_advanced_tooltip_content": "I am a tooltip",
                                                "pa_condition_repeater": [
                                                    {
                                                        "_id": "fcdd2e7"
                                                    }
                                                ]
                                            },
                                            "elements": [],
                                            "isInner": false,
                                            "widgetType": "theme-post-featured-image",
                                            "elType": "widget"
                                        },
                                        {
                                            "id": "7f21bdba",
                                            "settings": {
                                                "ha_advanced_tooltip_content": "I am a tooltip",
                                                "pa_condition_repeater": [
                                                    {
                                                        "_id": "0ab52fd"
                                                    }
                                                ]
                                            },
                                            "elements": [],
                                            "isInner": false,
                                            "widgetType": "theme-post-content",
                                            "elType": "widget"
                                        }
                                    ],
                                    "isInner": true,
                                    "elType": "column"
                                }
                            ],
                            "isInner": true,
                            "elType": "section"
                        },
                        {
                            "id": "44e7476",
                            "settings": {
                                "gap": "wider",
                                "background_background": "classic",
                                "margin": {
                                    "unit": "px",
                                    "top": "0",
                                    "right": 0,
                                    "bottom": "24",
                                    "left": 0,
                                    "isLinked": false
                                },
                                "pa_condition_repeater": [
                                    {
                                        "_id": "2c05541"
                                    }
                                ],
                                "__globals__": {
                                    "background_color": "globals\/colors?id=3335a43"
                                }
                            },
                            "elements": [
                                {
                                    "id": "148f7156",
                                    "settings": {
                                        "_column_size": 100,
                                        "_inline_size": null,
                                        "pa_condition_repeater": [
                                            {
                                                "_id": "4e23361"
                                            }
                                        ]
                                    },
                                    "elements": [
                                        {
                                            "id": "2ba31180",
                                            "settings": {
                                                "author_avatar": {
                                                    "url": "http:\/\/templatekit.puriwp.com\/iddax\/wp-content\/uploads\/sites\/12\/2022\/04\/Image-2F3XCZQ.jpg",
                                                    "id": 132,
                                                    "alt": "",
                                                    "source": "library"
                                                },
                                                "author_name": "John Doe",
                                                "author_bio": "Lorem ipsum dolor sit amet consectetur adipiscing elit dolor",
                                                "link_text": "All Posts",
                                                "image_vertical_align": "middle",
                                                "ha_advanced_tooltip_content": "I am a tooltip",
                                                "pa_condition_repeater": [
                                                    {
                                                        "_id": "36e914a"
                                                    }
                                                ],
                                                "__globals__": {
                                                    "name_color": "globals\/colors?id=ff1a0b3",
                                                    "name_typography_typography": "globals\/typography?id=0d8e5b9",
                                                    "bio_color": "globals\/colors?id=text",
                                                    "bio_typography_typography": "globals\/typography?id=text"
                                                }
                                            },
                                            "elements": [],
                                            "isInner": false,
                                            "widgetType": "author-box",
                                            "elType": "widget"
                                        }
                                    ],
                                    "isInner": true,
                                    "elType": "column"
                                }
                            ],
                            "isInner": true,
                            "elType": "section"
                        },
                        {
                            "id": "606773b1",
                            "settings": {
                                "_skin": "theme_comments",
                                "ha_advanced_tooltip_content": "I am a tooltip",
                                "pa_condition_repeater": [
                                    {
                                        "_id": "55fdcf7"
                                    }
                                ],
                                "_margin_mobile": {
                                    "unit": "px",
                                    "top": "0",
                                    "right": "0",
                                    "bottom": "48",
                                    "left": "0",
                                    "isLinked": false
                                }
                            },
                            "elements": [],
                            "isInner": false,
                            "widgetType": "post-comments",
                            "elType": "widget"
                        }
                    ],
                    "isInner": false,
                    "elType": "column"
                },
                {
                    "id": "26886284",
                    "settings": {
                        "_column_size": 50,
                        "_inline_size": 35,
                        "pa_condition_repeater": [
                            {
                                "_id": "2180f51"
                            }
                        ],
                        "_inline_size_tablet": 40,
                        "margin": {
                            "unit": "px",
                            "top": "0",
                            "right": "0",
                            "bottom": "0",
                            "left": "0",
                            "isLinked": false
                        }
                    },
                    "elements": [
                        {
                            "id": "199b74b0",
                            "settings": {
                                "gap": "wider",
                                "background_background": "classic",
                                "pa_condition_repeater": [
                                    {
                                        "_id": "3e4ac16"
                                    }
                                ],
                                "__globals__": {
                                    "background_color": "globals\/colors?id=0c613fd"
                                },
                                "margin": {
                                    "unit": "px",
                                    "top": "0",
                                    "right": 0,
                                    "bottom": "0",
                                    "left": 0,
                                    "isLinked": false
                                }
                            },
                            "elements": [
                                {
                                    "id": "7af112fb",
                                    "settings": {
                                        "_column_size": 100,
                                        "_inline_size": null,
                                        "padding_tablet": {
                                            "unit": "px",
                                            "top": "0",
                                            "right": "0",
                                            "bottom": "0",
                                            "left": "0",
                                            "isLinked": true
                                        },
                                        "padding_mobile": {
                                            "unit": "px",
                                            "top": "0",
                                            "right": "0",
                                            "bottom": "0",
                                            "left": "0",
                                            "isLinked": true
                                        },
                                        "pa_condition_repeater": [
                                            {
                                                "_id": "1635613"
                                            }
                                        ],
                                        "background_background": "classic",
                                        "__globals__": {
                                            "background_color": "globals\/colors?id=a10680d"
                                        }
                                    },
                                    "elements": [
                                        {
                                            "id": "1989e206",
                                            "settings": {
                                                "placeholder": "Search Anything...",
                                                "button_text": "Search",
                                                "button_border_width": {
                                                    "unit": "px",
                                                    "top": "1",
                                                    "right": "1",
                                                    "bottom": "1",
                                                    "left": "1",
                                                    "isLinked": true
                                                },
                                                "border_radius": {
                                                    "unit": "px",
                                                    "size": 0,
                                                    "sizes": []
                                                },
                                                "_margin": {
                                                    "unit": "px",
                                                    "top": "0",
                                                    "right": "0",
                                                    "bottom": "20",
                                                    "left": "0",
                                                    "isLinked": false
                                                },
                                                "ha_advanced_tooltip_content": "I am a tooltip",
                                                "pa_condition_repeater": [
                                                    {
                                                        "_id": "8c652f8"
                                                    }
                                                ],
                                                "__globals__": {
                                                    "input_background_color": "globals\/colors?id=0c613fd",
                                                    "input_border_color": "globals\/colors?id=8465d3c",
                                                    "input_text_color": "globals\/colors?id=text",
                                                    "button_text_color": "globals\/colors?id=0c613fd",
                                                    "button_background_color": "globals\/colors?id=accent"
                                                }
                                            },
                                            "elements": [],
                                            "isInner": false,
                                            "widgetType": "search-form",
                                            "elType": "widget"
                                        },
                                        {
                                            "id": "254375f7",
                                            "settings": {
                                                "look": "line_text",
                                                "text": "Popular Post",
                                                "html_tag": "div",
                                                "gap": {
                                                    "unit": "px",
                                                    "size": 2,
                                                    "sizes": []
                                                },
                                                "text_align": "left",
                                                "text_spacing": {
                                                    "unit": "px",
                                                    "size": 16,
                                                    "sizes": []
                                                },
                                                "_margin": {
                                                    "unit": "px",
                                                    "top": "0",
                                                    "right": "0",
                                                    "bottom": "20",
                                                    "left": "0",
                                                    "isLinked": false
                                                },
                                                "ha_advanced_tooltip_content": "I am a tooltip",
                                                "pa_condition_repeater": [
                                                    {
                                                        "_id": "08b42a2"
                                                    }
                                                ],
                                                "__globals__": {
                                                    "typography_typography": "globals\/typography?id=0d8e5b9",
                                                    "text_color": "globals\/colors?id=ff1a0b3",
                                                    "color": "globals\/colors?id=secondary"
                                                }
                                            },
                                            "elements": [],
                                            "isInner": false,
                                            "widgetType": "divider",
                                            "elType": "widget"
                                        },
                                        {
                                            "id": "2f4efde7",
                                            "settings": {
                                                "classic_columns": "1",
                                                "classic_posts_per_page": 5,
                                                "classic_thumbnail": "left",
                                                "classic_thumbnail_size_size": "large",
                                                "classic_item_ratio": {
                                                    "unit": "px",
                                                    "size": 1.100000000000000088817841970012523233890533447265625,
                                                    "sizes": []
                                                },
                                                "classic_image_width": {
                                                    "unit": "%",
                                                    "size": 23,
                                                    "sizes": []
                                                },
                                                "classic_show_excerpt": "",
                                                "classic_meta_data": [],
                                                "classic_meta_separator": "\/\/\/",
                                                "classic_show_read_more": "",
                                                "classic_read_more_text": "Read More \u00bb",
                                                "cards_meta_separator": "\u2022",
                                                "cards_read_more_text": "Read More \u00bb",
                                                "full_content_meta_separator": "\/\/\/",
                                                "posts_offset": 1,
                                                "pagination_page_limit": "5",
                                                "pagination_prev_label": "&laquo; Previous",
                                                "pagination_next_label": "Next &raquo;",
                                                "_margin": {
                                                    "unit": "px",
                                                    "top": "0",
                                                    "right": "0",
                                                    "bottom": "20",
                                                    "left": "0",
                                                    "isLinked": false
                                                },
                                                "ha_advanced_tooltip_content": "I am a tooltip",
                                                "pa_condition_repeater": [
                                                    {
                                                        "_id": "29b2735"
                                                    }
                                                ],
                                                "__globals__": {
                                                    "classic_title_color": "globals\/colors?id=ff1a0b3",
                                                    "classic_title_typography_typography": "globals\/typography?id=86ada94"
                                                },
                                                "classic_columns_tablet": "1",
                                                "classic_item_ratio_mobile": {
                                                    "unit": "px",
                                                    "size": 1.1599999999999999200639422269887290894985198974609375,
                                                    "sizes": []
                                                },
                                                "classic_image_width_mobile": {
                                                    "unit": "%",
                                                    "size": 32,
                                                    "sizes": []
                                                }
                                            },
                                            "elements": [],
                                            "isInner": false,
                                            "widgetType": "posts",
                                            "elType": "widget"
                                        }
                                    ],
                                    "isInner": true,
                                    "elType": "column"
                                }
                            ],
                            "isInner": true,
                            "elType": "section"
                        },
                        {
                            "id": "63f54aa2",
                            "settings": {
                                "gap": "wider",
                                "background_background": "classic",
                                "pa_condition_repeater": [
                                    {
                                        "_id": "3e4ac16"
                                    }
                                ],
                                "__globals__": {
                                    "background_color": "globals\/colors?id=a10680d"
                                },
                                "margin": {
                                    "unit": "px",
                                    "top": "0",
                                    "right": 0,
                                    "bottom": "0",
                                    "left": 0,
                                    "isLinked": false
                                }
                            },
                            "elements": [
                                {
                                    "id": "5675bc5e",
                                    "settings": {
                                        "_column_size": 100,
                                        "_inline_size": null,
                                        "padding_tablet": {
                                            "unit": "px",
                                            "top": "0",
                                            "right": "0",
                                            "bottom": "0",
                                            "left": "0",
                                            "isLinked": true
                                        },
                                        "padding_mobile": {
                                            "unit": "px",
                                            "top": "0",
                                            "right": "0",
                                            "bottom": "0",
                                            "left": "0",
                                            "isLinked": true
                                        },
                                        "pa_condition_repeater": [
                                            {
                                                "_id": "1635613"
                                            }
                                        ],
                                        "background_background": "classic",
                                        "margin": {
                                            "unit": "px",
                                            "top": "0",
                                            "right": "20",
                                            "bottom": "0",
                                            "left": "20",
                                            "isLinked": false
                                        },
                                        "__globals__": {
                                            "background_color": "globals\/colors?id=3335a43"
                                        }
                                    },
                                    "elements": [
                                        {
                                            "id": "3a00895c",
                                            "settings": {
                                                "look": "line_text",
                                                "text": "Newsletter",
                                                "html_tag": "div",
                                                "gap": {
                                                    "unit": "px",
                                                    "size": 2,
                                                    "sizes": []
                                                },
                                                "text_align": "left",
                                                "text_spacing": {
                                                    "unit": "px",
                                                    "size": 16,
                                                    "sizes": []
                                                },
                                                "_margin": {
                                                    "unit": "px",
                                                    "top": "0",
                                                    "right": "0",
                                                    "bottom": "20",
                                                    "left": "0",
                                                    "isLinked": false
                                                },
                                                "ha_advanced_tooltip_content": "I am a tooltip",
                                                "pa_condition_repeater": [
                                                    {
                                                        "_id": "08b42a2"
                                                    }
                                                ],
                                                "__globals__": {
                                                    "typography_typography": "globals\/typography?id=0d8e5b9",
                                                    "text_color": "globals\/colors?id=ff1a0b3",
                                                    "color": "globals\/colors?id=secondary"
                                                }
                                            },
                                            "elements": [],
                                            "isInner": false,
                                            "widgetType": "divider",
                                            "elType": "widget"
                                        },
                                        {
                                            "id": "46e666da",
                                            "settings": {
                                                "editor": "<p>Curabitur aliquet quam id dui posuere blandit. Cras ultricies\u00a0<\/p>",
                                                "ha_advanced_tooltip_content": "I am a tooltip",
                                                "pa_condition_repeater": [
                                                    {
                                                        "_id": "0225d70"
                                                    }
                                                ],
                                                "__globals__": {
                                                    "text_color": "globals\/colors?id=text",
                                                    "typography_typography": "globals\/typography?id=primary"
                                                }
                                            },
                                            "elements": [],
                                            "isInner": false,
                                            "widgetType": "text-editor",
                                            "elType": "widget"
                                        },
                                        {
                                            "id": "183dddf1",
                                            "settings": {
                                                "form_name": "New Form",
                                                "form_fields": [
                                                    {
                                                        "custom_id": "name",
                                                        "field_label": "Name",
                                                        "placeholder": "Name",
                                                        "_id": "18fe1c2"
                                                    },
                                                    {
                                                        "custom_id": "email",
                                                        "field_type": "email",
                                                        "required": "true",
                                                        "field_label": "Email",
                                                        "placeholder": "Email",
                                                        "_id": "d5cce96"
                                                    }
                                                ],
                                                "input_size": "md",
                                                "show_labels": "",
                                                "button_size": "md",
                                                "step_next_label": "Next",
                                                "step_previous_label": "Previous",
                                                "button_text": "Subscribe now",
                                                "email_content": "[all-fields]",
                                                "email_content_2": "[all-fields]",
                                                "success_message": "The form was sent successfully.",
                                                "error_message": "An error occurred.",
                                                "required_field_message": "This field is required.",
                                                "invalid_message": "There's something wrong. The form is invalid.",
                                                "column_gap": {
                                                    "unit": "px",
                                                    "size": 13,
                                                    "sizes": []
                                                },
                                                "row_gap": {
                                                    "unit": "px",
                                                    "size": 17,
                                                    "sizes": []
                                                },
                                                "field_border_width": {
                                                    "unit": "px",
                                                    "top": "1",
                                                    "right": "1",
                                                    "bottom": "1",
                                                    "left": "1",
                                                    "isLinked": true
                                                },
                                                "ha_advanced_tooltip_content": "I am a tooltip",
                                                "pa_condition_repeater": [
                                                    {
                                                        "_id": "a3d6830"
                                                    }
                                                ],
                                                "__globals__": {
                                                    "field_background_color": "globals\/colors?id=0c613fd",
                                                    "field_text_color": "globals\/colors?id=text",
                                                    "field_border_color": "globals\/colors?id=8465d3c"
                                                }
                                            },
                                            "elements": [],
                                            "isInner": false,
                                            "widgetType": "form",
                                            "elType": "widget"
                                        }
                                    ],
                                    "isInner": true,
                                    "elType": "column"
                                }
                            ],
                            "isInner": true,
                            "elType": "section"
                        },
                        {
                            "id": "2c0a4d0",
                            "settings": {
                                "gap": "wider",
                                "background_background": "classic",
                                "pa_condition_repeater": [
                                    {
                                        "_id": "3e4ac16"
                                    }
                                ],
                                "__globals__": {
                                    "background_color": "globals\/colors?id=a10680d"
                                },
                                "margin": {
                                    "unit": "px",
                                    "top": "0",
                                    "right": 0,
                                    "bottom": "20",
                                    "left": 0,
                                    "isLinked": false
                                }
                            },
                            "elements": [
                                {
                                    "id": "3f1f84cc",
                                    "settings": {
                                        "_column_size": 100,
                                        "_inline_size": null,
                                        "padding_tablet": {
                                            "unit": "px",
                                            "top": "0",
                                            "right": "0",
                                            "bottom": "0",
                                            "left": "0",
                                            "isLinked": true
                                        },
                                        "padding_mobile": {
                                            "unit": "px",
                                            "top": "0",
                                            "right": "0",
                                            "bottom": "0",
                                            "left": "0",
                                            "isLinked": true
                                        },
                                        "pa_condition_repeater": [
                                            {
                                                "_id": "1635613"
                                            }
                                        ],
                                        "background_background": "classic",
                                        "__globals__": {
                                            "background_color": "globals\/colors?id=a10680d"
                                        }
                                    },
                                    "elements": [
                                        {
                                            "id": "736cf12b",
                                            "settings": {
                                                "look": "line_text",
                                                "text": "Gallery",
                                                "html_tag": "div",
                                                "gap": {
                                                    "unit": "px",
                                                    "size": 2,
                                                    "sizes": []
                                                },
                                                "text_align": "left",
                                                "text_spacing": {
                                                    "unit": "px",
                                                    "size": 16,
                                                    "sizes": []
                                                },
                                                "_margin": {
                                                    "unit": "px",
                                                    "top": "0",
                                                    "right": "0",
                                                    "bottom": "20",
                                                    "left": "0",
                                                    "isLinked": false
                                                },
                                                "ha_advanced_tooltip_content": "I am a tooltip",
                                                "pa_condition_repeater": [
                                                    {
                                                        "_id": "08b42a2"
                                                    }
                                                ],
                                                "__globals__": {
                                                    "typography_typography": "globals\/typography?id=0d8e5b9",
                                                    "text_color": "globals\/colors?id=ff1a0b3",
                                                    "color": "globals\/colors?id=secondary"
                                                }
                                            },
                                            "elements": [],
                                            "isInner": false,
                                            "widgetType": "divider",
                                            "elType": "widget"
                                        },
                                        {
                                            "id": "44877d61",
                                            "settings": {
                                                "gallery": [
                                                    {
                                                        "id": 153,
                                                        "url": "http:\/\/templatekit.puriwp.com\/cryptodax\/wp-content\/uploads\/sites\/12\/2022\/04\/Image-XH5W9BU.jpg"
                                                    },
                                                    {
                                                        "id": 152,
                                                        "url": "http:\/\/templatekit.puriwp.com\/cryptodax\/wp-content\/uploads\/sites\/12\/2022\/04\/Image-TQLNJZP.jpg"
                                                    },
                                                    {
                                                        "id": 141,
                                                        "url": "http:\/\/templatekit.puriwp.com\/cryptodax\/wp-content\/uploads\/sites\/12\/2022\/04\/Image-E7BA43S.jpg"
                                                    },
                                                    {
                                                        "id": 142,
                                                        "url": "http:\/\/templatekit.puriwp.com\/cryptodax\/wp-content\/uploads\/sites\/12\/2022\/04\/Image-FHEEJW2.jpg"
                                                    },
                                                    {
                                                        "id": 139,
                                                        "url": "http:\/\/templatekit.puriwp.com\/cryptodax\/wp-content\/uploads\/sites\/12\/2022\/04\/Image-ACX8QDQ.jpg"
                                                    },
                                                    {
                                                        "id": 140,
                                                        "url": "http:\/\/templatekit.puriwp.com\/cryptodax\/wp-content\/uploads\/sites\/12\/2022\/04\/Image-AHE6QFC.jpg"
                                                    }
                                                ],
                                                "galleries": [
                                                    {
                                                        "gallery_title": "New Gallery",
                                                        "_id": "29395c3"
                                                    }
                                                ],
                                                "columns": 3,
                                                "aspect_ratio": "1:1",
                                                "thumbnail_image_size": "large",
                                                "show_all_galleries_label": "All",
                                                "_margin": {
                                                    "unit": "px",
                                                    "top": "0",
                                                    "right": "0",
                                                    "bottom": "20",
                                                    "left": "0",
                                                    "isLinked": false
                                                },
                                                "ha_advanced_tooltip_content": "I am a tooltip",
                                                "pa_condition_repeater": [
                                                    {
                                                        "_id": "9e9465c"
                                                    }
                                                ]
                                            },
                                            "elements": [],
                                            "isInner": false,
                                            "widgetType": "gallery",
                                            "elType": "widget"
                                        },
                                        {
                                            "id": "1a16fa1e",
                                            "settings": {
                                                "look": "line_text",
                                                "text": "Follow us",
                                                "html_tag": "div",
                                                "gap": {
                                                    "unit": "px",
                                                    "size": 2,
                                                    "sizes": []
                                                },
                                                "text_align": "left",
                                                "text_spacing": {
                                                    "unit": "px",
                                                    "size": 16,
                                                    "sizes": []
                                                },
                                                "_margin": {
                                                    "unit": "px",
                                                    "top": "0",
                                                    "right": "0",
                                                    "bottom": "20",
                                                    "left": "0",
                                                    "isLinked": false
                                                },
                                                "ha_advanced_tooltip_content": "I am a tooltip",
                                                "pa_condition_repeater": [
                                                    {
                                                        "_id": "08b42a2"
                                                    }
                                                ],
                                                "__globals__": {
                                                    "typography_typography": "globals\/typography?id=0d8e5b9",
                                                    "text_color": "globals\/colors?id=ff1a0b3",
                                                    "color": "globals\/colors?id=secondary"
                                                }
                                            },
                                            "elements": [],
                                            "isInner": false,
                                            "widgetType": "divider",
                                            "elType": "widget"
                                        },
                                        {
                                            "id": "ce969f7",
                                            "settings": {
                                                "social_icon_list": [
                                                    {
                                                        "social_icon": {
                                                            "value": "fab fa-facebook-f",
                                                            "library": "fa-brands"
                                                        },
                                                        "_id": "b0596be"
                                                    },
                                                    {
                                                        "social_icon": {
                                                            "value": "fab fa-twitter",
                                                            "library": "fa-brands"
                                                        },
                                                        "_id": "42130f5"
                                                    },
                                                    {
                                                        "social_icon": {
                                                            "value": "fab fa-youtube",
                                                            "library": "fa-brands"
                                                        },
                                                        "_id": "f5f0d40"
                                                    },
                                                    {
                                                        "_id": "fde2865",
                                                        "social_icon": {
                                                            "value": "icon icon-instagram-1",
                                                            "library": "ekiticons"
                                                        }
                                                    },
                                                    {
                                                        "_id": "bdeb4b4",
                                                        "social_icon": {
                                                            "value": "icon icon-linkedin",
                                                            "library": "ekiticons"
                                                        }
                                                    }
                                                ],
                                                "shape": "circle",
                                                "align": "left",
                                                "icon_color": "custom",
                                                "icon_size": {
                                                    "unit": "px",
                                                    "size": 20,
                                                    "sizes": []
                                                },
                                                "icon_spacing": {
                                                    "unit": "px",
                                                    "size": 2,
                                                    "sizes": []
                                                },
                                                "image_border_width": {
                                                    "unit": "px",
                                                    "top": "1",
                                                    "right": "1",
                                                    "bottom": "1",
                                                    "left": "1",
                                                    "isLinked": true
                                                },
                                                "hover_animation": "float",
                                                "ha_advanced_tooltip_content": "I am a tooltip",
                                                "pa_condition_repeater": [
                                                    {
                                                        "_id": "3db4991"
                                                    }
                                                ],
                                                "__globals__": {
                                                    "icon_primary_color": "globals\/colors?id=a10680d",
                                                    "icon_secondary_color": "globals\/colors?id=primary",
                                                    "image_border_color": "globals\/colors?id=accent",
                                                    "hover_secondary_color": "globals\/colors?id=secondary",
                                                    "hover_primary_color": "globals\/colors?id=a10680d",
                                                    "hover_border_color": "globals\/colors?id=primary"
                                                }
                                            },
                                            "elements": [],
                                            "isInner": false,
                                            "widgetType": "social-icons",
                                            "elType": "widget"
                                        }
                                    ],
                                    "isInner": true,
                                    "elType": "column"
                                }
                            ],
                            "isInner": true,
                            "elType": "section"
                        }
                    ],
                    "isInner": false,
                    "elType": "column"
                }
            ],
            "isInner": false,
            "elType": "section"
        }
    ],
    "page_settings": {
        "ha_grid_number": "",
        "ha_grid_zindex": "1000",
        "eael_ext_toc_title": "Table of Contents"
    }
}